"ID","Player","Team","Position","Prim Pos","RkOv","Status","Opponent","Salary","FPts","FP/G","%D","ADP","Ros","+/-"
"*06fuw*","Djordje Petrovic","BOU","G","G","1","FA","@MCI Sun 1:00PM","7,300","142.92","4.08","80","179","76%","-12%"
"*02lz0*","Emiliano Martinez","AVL","G","G","2","FA","@BHA Sun 1:00PM","6,000","140.62","4.02","88","165.1","79%","0%"
"*0427d*","James Tarkowski","EVE","D","D","3","FA","CRY Sat 2:00PM","11,500","138.09","3.84","100","36","100%","0%"
"*032f9*","Jordan Pickford","EVE","G","G","4","FA","CRY Sat 2:00PM","7,400","137.7","3.82","98","141.7","96%","+1%"
"*05y9n*","Lewis Hall","NEW","D","D","5","FA","LIV Sun 3:30PM","8,100","134.85","4.09","100","82.3","98%","-1%"
"*06cmu*","Bart Verbruggen","BHA","G","G","6","FA","AVL Sun 1:00PM","6,400","133.93","4.06","42","233","36%","+10%"
"*062a9*","Sven Botman","NEW","D","D","7","FA","LIV Sun 3:30PM","4,900","133.85","4.18","95","103.9","90%","-2%"
"*03yww*","Dean Henderson","CRY","G","G","8","FA","@EVE Sat 2:00PM","8,600","133.44","3.92","71","196.6","57%","+4%"
"*04qor*","Bernd Leno","FUL","G","G","9","FA","CHE Mon 7:00PM","6,200","132.78","3.79","27","260.9","18%","-1%"
"*06zbx*","Anton Stach","LEE","M","M","10","FA","@NOT Sat 2:00PM","6,200","132.06","4","100","26.4","98%","+1%"
"*06znb*","Robin Roefs","SUN","G","G","11","FA","@IPS Sat 2:00PM","7,900","128.95","3.79","98","139.2","93%","-1%"
"*04f6h*","Matz Sels","NOT","G","G","12","FA","LEE Sat 2:00PM","5,500","128.5","3.89","52","230.7","33%","0%"
"*05l2z*","Bobby Thomas","COV","D","D","13","FA","@ARS Fri 7:00PM","2,000","128.08","3.88","71","188.7","53%","-12%"
"*045ob*","Caoimhin Kelleher","BRF","G","G","14","FA","TOT Sat 4:30PM","8,400","126.11","3.94","96","147.2","90%","-3%"
"*0700p*","Malick Thiaw","NEW","D","D","15","FA","LIV Sun 3:30PM","8,000","125.68","3.7","100","102.7","92%","-3%"
"*06uyc*","Adrien Truffert","BOU","D","D","16","FA","@MCI Sun 1:00PM","6,700","123.99","3.65","100","65","99%","0%"
"*04yo7*","Youri Tielemans","MUN","M","M","17","FA","@HUL Sat 11:30AM","7,400","123.97","4","100","54.9","100%","0%"
"*04y92*","Bukayo Saka","ARS","M,F","M","18","FA","COV Fri 7:00PM","11,500","123.13","3.97","100","3.7","100%","0%"
"*070hl*","Senne Lammens","MUN","G","G","19","FA","@HUL Sat 11:30AM","5,500","123.04","3.84","87","172.4","74%","+5%"
"*04spw*","James Garner","EVE","M","M","20","FA","CRY Sat 2:00PM","9,300","122.59","3.5","100","48.8","98%","0%"
"*0784y*","Tarik Muharemovic","LEE","D","D","21","FA","@NOT Sat 2:00PM","2,000","121.85","3.69","72","189.9","49%","+9%"
"*05gcr*","Bruno Fernandes","MUN","M","M","22","FA","@HUL Sat 11:30AM","15,000","121.83","3.69","100","1.8","100%","0%"
"*03vlj*","Virgil van Dijk","LIV","D","D","23","FA","@NEW Sun 3:30PM","10,500","120.39","3.65","100","29.3","100%","0%"
"*04yme*","Robert Sanchez","CHE","G","G","24","FA","@FUL Mon 7:00PM","6,600","119.86","4","31","255.7","25%","+6%"
"*06fup*","Jeremy Doku","MCI","M,F","M","25","FA","BOU Sun 1:00PM","8,600","119.44","4.27","99","14.6","100%","0%"
"*05r94*","Iliman Ndiaye","EVE","M,F","M","26","FA","CRY Sat 2:00PM","8,900","119.1","3.4","100","37.3","100%","+1%"
"*05os8*","Joachim Andersen","FUL","D","D","27","FA","CHE Mon 7:00PM","7,700","119.04","3.4","35","248.4","26%","-9%"
"*0700t*","Omar Alderete","SUN","D","D","28","FA","@IPS Sat 2:00PM","9,200","118.01","3.58","78","171.6","64%","-15%"
"*06v0p*","Enzo Le Fee","SUN","M","M","29","FA","@IPS Sat 2:00PM","4,800","117.58","3.67","100","50.9","100%","+1%"
"*0635j*","Chris Richards","CRY","D","D","30","FA","@EVE Sat 2:00PM","7,900","117.31","3.55","98","103","91%","-1%"
"*05oeh*","Kenny Tete","FUL","D","D","31","FA","CHE Mon 7:00PM","6,000","116.59","3.64","27","260.9","18%","-3%"
"*03rzp*","Antonee Robinson","FUL","D","D","32","FA","CHE Mon 7:00PM","5,500","116.53","3.64","100","67.5","98%","-1%"
"*05ylj*","Bruno Guimaraes","ARS","M","M","33","FA","COV Fri 7:00PM","11,600","116.48","3.53","100","25.4","100%","0%"
"*06fwz*","Murillo","NOT","D","D","34","FA","LEE Sat 2:00PM","7,200","116.48","3.53","55","216","30%","+4%"
"*0784p*","Hayden Hackney","EVE","M","M","35","FA","CRY Sat 2:00PM","2,000","116.41","3.33","90","153.7","60%","+8%"
"*05akv*","Tyrick Mitchell","CRY","D","D","36","FA","@EVE Sat 2:00PM","9,400","116.35","3.42","98","134.2","75%","-2%"
"*063q8*","Mikkel Damsgaard","BRF","M","M","37","FA","TOT Sat 4:30PM","7,500","115.94","3.74","100","74.3","97%","0%"
"*05s08*","Valentino Livramento","NEW","D","D","38","FA","LIV Sun 3:30PM","13,500","115.73","3.4","23","268","17%","-3%"
"*076cz*","Liam Kitching","COV","D","D","39","FA","@ARS Fri 7:00PM","2,000","115.4","3.72","19","273.6","8%","-2%"
"*06f8y*","Alex Scott","BOU","M","M","40","FA","@MCI Sun 1:00PM","6,900","115.32","3.6","100","89.3","94%","-1%"
"*03mfe*","Matt Grimes","COV","M","M","41","FA","@ARS Fri 7:00PM","2,000","115.02","3.38","21","267.2","13%","+2%"
"*05ybq*","Vitalii Mykolenko","EVE","D","D","42","FA","CRY Sat 2:00PM","7,900","114.86","3.28","38","246.3","24%","-4%"
"*05nns*","Danny Ballard","SUN","D","D","43","FA","@IPS Sat 2:00PM","8,900","114.63","3.7","98","87","95%","0%"
"*06rgg*","Michael Kayode","BRF","D","D","44","FA","TOT Sat 4:30PM","7,500","114.17","3.57","97","106.2","92%","0%"
"*05u1m*","Nathan Collins","BRF","D","D","45","FA","TOT Sat 4:30PM","9,100","114.14","3.36","87","166.1","59%","-2%"
"*04gpx*","Dara O'Shea","IPS","D","D","46","FA","SUN Sat 2:00PM","2,000","113.93","3.56","12","277","8%","-2%"
"*0554g*","Calvin Bassey","FUL","D","D","47","FA","CHE Mon 7:00PM","6,000","113.76","3.35","9","281.5","8%","-1%"
"*062p5*","Levi Colwill","CHE","D","D","48","FA","@FUL Mon 7:00PM","2,600","113.55","3.92","88","162.9","67%","-6%"
"*04agz*","Declan Rice","ARS","M","M","49","FA","COV Fri 7:00PM","11,800","113.52","3.55","100","13.2","100%","0%"
"*076d0*","Milan van Ewijk","COV","D","D","50","FA","@ARS Fri 7:00PM","2,000","113.5","3.34","35","252.3","20%","-3%"
"*076d3*","Jack Rudoni","COV","M","M","51","FA","@ARS Fri 7:00PM","2,000","113.46","3.55","52","225.8","33%","+5%"
"*0435m*","Granit Xhaka","SUN","M","M","52","FA","@IPS Sat 2:00PM","5,800","113.11","3.43","99","99.6","94%","-1%"
"*0703c*","Nordi Mukiele","SUN","D","D","53","FA","@IPS Sat 2:00PM","9,900","113.09","3.65","100","68.8","98%","0%"
"*061vb*","James Hill","BOU","D","D","54","FA","@MCI Sun 1:00PM","5,600","113.06","3.9","99","68","95%","-2%"
"*061va*","Boubacar Kamara","AVL","M","M","55","FA","@BHA Sun 1:00PM","6,000","112.75","3.42","47","231.4","31%","0%"
"*03frx*","Ola Aina","NOT","D","D","56","FA","LEE Sat 2:00PM","8,400","112.67","3.31","75","180.3","45%","+6%"
"*068yd*","Joao Gomes","AVL","M","M","57","FA","@BHA Sun 1:00PM","7,300","112.57","3.31","59","208.1","39%","+11%"
"*05220*","Sepp van den Berg","BRF","D","D","58","FA","TOT Sat 4:30PM","7,100","112.38","3.41","32","243.4","35%","-30%"
"*03yqz*","Joe Rodon","LEE","D","D","59","FA","@NOT Sat 2:00PM","3,800","112.07","3.4","12","281.6","8%","-1%"
"*068lx*","Dango Ouattara","BRF","M,F","M","60","FA","TOT Sat 4:30PM","7,600","111.82","3.49","100","52.5","99%","+1%"
"*06mw0*","Nikola Milenkovic","NOT","D","D","61","FA","LEE Sat 2:00PM","7,500","111.77","3.29","76","182.3","45%","+7%"
"*06mgd*","Abdul Fatawu","IPS","F","F","62","FA","SUN Sat 2:00PM","2,000","111.6","3.6","86","166.3","51%","+9%"
"*05o4b*","Matty Cash","AVL","D","D","63","FA","@BHA Sun 1:00PM","7,700","111.53","3.28","98","123.1","82%","+1%"
"*04sjt*","Alisson Becker","LIV","G","G","64","FA","@NEW Sun 3:30PM","7,300","111.52","3.38","68","192.7","64%","+15%"
"*05a6e*","Neco Williams","NOT","D","D","65","FA","LEE Sat 2:00PM","9,400","111.51","3.38","100","57.4","100%","0%"
"*05nzu*","Gabriel Magalhaes","ARS","D","D","66","FA","COV Fri 7:00PM","11,600","111.23","3.37","100","23.8","100%","0%"
"*06jgi*","Daniel Munoz","CRY","D","D","67","FA","@EVE Sat 2:00PM","9,600","111.22","3.27","100","25.5","100%","0%"
"*0788g*","Lukas Hornicek","NEW","G","G","68","FA","LIV Sun 3:30PM","2,000","111.06","3.37","13","278.5","10%","+5%"
"*05oz3*","James Trafford","LEE","G","G","69","FA","@NOT Sat 2:00PM","2,600","110.88","4.11","74","198.3","57%","+15%"
"*067yz*","Matheus Cunha","MUN","F","F","70","FA","@HUL Sat 11:30AM","10,000","110.67","3.57","100","12.6","100%","0%"
"*052ca*","Ezri Konsa","AVL","D","D","71","FA","@BHA Sun 1:00PM","6,700","110.62","3.25","35","243.5","27%","+5%"
"*05oh0*","Jan-Paul van Hecke","TOT","D","D","72","FA","@BRF Sat 4:30PM","9,000","110.52","3.57","100","77.4","100%","0%"
"*06v0g*","Trai Hume","SUN","D","D","73","FA","@IPS Sat 2:00PM","4,500","110.35","3.34","82","174.2","61%","-10%"
"*063e7*","Marcos Senesi","TOT","D","D","74","FA","@BRF Sat 4:30PM","9,300","110.32","3.68","99","86.7","98%","0%"
"*0477b*","Oliver McBurnie","HUL","F","F","75","FA","MUN Sat 11:30AM","2,000","110.1","3.24","100","97.2","90%","-2%"
"*06v21*","Florian Wirtz","LIV","M","M","76","FA","@NEW Sun 3:30PM","4,800","109.81","3.54","100","8.8","100%","0%"
"*04lav*","Ethan Ampadu","LEE","D,M","M","77","FA","@NOT Sat 2:00PM","4,800","109.7","3.32","91","140.5","66%","-7%"
"*052cb*","Ian Maatsen","AVL","D","D","78","FA","@BHA Sun 1:00PM","5,500","109.58","3.91","88","157.3","63%","0%"
"*05n07*","Pedro Porro","TOT","D","D","79","FA","@BRF Sat 4:30PM","9,100","109.52","3.65","100","30.1","100%","0%"
"*05r34*","Amad Diallo","MUN","M,F","M","80","FA","@HUL Sat 11:30AM","7,600","108.98","3.52","100","62.3","99%","-1%"
"*072zs*","Nilson Angulo","SUN","M,F","M","81","FA","@IPS Sat 2:00PM","2,500","108.64","3.75","94","122.1","82%","-9%"
"*06fxe*","Ryan Gravenberch","LIV","M","M","82","FA","@NEW Sun 3:30PM","8,700","107.84","3.37","100","86.6","97%","-1%"
"*05l27*","Jarrad Branthwaite","EVE","D","D","83","FA","CRY Sat 2:00PM","9,000","107.57","3.26","96","135","72%","-1%"
"*05mzz*","Pascal Struijk","BHA","D","D","84","FA","AVL Sun 1:00PM","4,900","107.02","3.34","92","141.6","67%","-6%"
"*070hj*","Kevin","FUL","F","F","85","FA","CHE Mon 7:00PM","3,400","106.76","3.81","88","162.9","56%","+1%"
"*06fv8*","Mohammed Kudus","TOT","M","M","86","FA","@BRF Sat 4:30PM","7,900","106.71","3.56","100","36.3","99%","0%"
"*06yb7*","Gabriel Gudmundsson","LEE","D","D","87","FA","@NOT Sat 2:00PM","3,900","106.65","3.33","2","290.5","4%","0%"
"*0521z*","James Justin","LEE","D","D","88","FA","@NOT Sat 2:00PM","5,800","106.59","3.55","60","219","37%","-11%"
"*051k0*","John McGinn","AVL","M","M","89","FA","@BHA Sun 1:00PM","6,300","106.41","3.22","99","115.8","87%","-4%"
"*05gcc*","Kiernan Dewsbury-Hall","EVE","M","M","90","FA","CRY Sat 2:00PM","6,400","106.1","3.32","100","54","100%","0%"
"*04qr9*","Morgan Gibbs-White","NOT","M","M","91","FA","LEE Sat 2:00PM","9,000","105.93","3.21","100","12.2","100%","0%"
"*06v07*","Rayan Cherki","MCI","M","M","92","FA","BOU Sun 1:00PM","6,200","105.7","3.77","100","13.6","100%","0%"
"*06mpp*","Mats Wieffer","BHA","D,M","D","93","FA","AVL Sun 1:00PM","7,500","105.7","3.52","98","115.3","88%","-4%"
"*076dh*","Charlie Hughes","HUL","D","D","94","FA","MUN Sat 11:30AM","2,000","105.17","3","5","287","4%","-2%"
"*0639x*","Marcus Tavernier","BOU","M","M","95","FA","@MCI Sun 1:00PM","8,300","105.13","3.19","100","43","100%","0%"
"*06y59*","Noah Sadiki","SUN","M","M","96","FA","@IPS Sat 2:00PM","2,700","104.72","3.08","7","283.3","6%","-2%"
"*05o2p*","Regan Slater","HUL","M","M","97","FA","MUN Sat 11:30AM","2,000","104.64","3.08","5","287.7","3%","0%"
"*07848*","Johan Manzambi","AVL","M","M","98","FA","@BHA Sun 1:00PM","2,000","104.46","3.37","97","78.1","82%","+22%"
"*06cmm*","Dominik Szoboszlai","LIV","M","M","99","FA","@NEW Sun 3:30PM","9,400","104.36","3.26","100","6.7","100%","0%"
"*06jgs*","Adam Wharton","CRY","M","M","100","FA","@EVE Sat 2:00PM","6,900","104.28","3.26","97","126.9","77%","-8%"
"*06crm*","Pau Torres","AVL","D","D","101","FA","@BHA Sun 1:00PM","4,900","104.11","3.36","7","284.8","5%","-1%"
"*0558w*","William Saliba","ARS","D","D","102","FA","COV Fri 7:00PM","8,800","103.33","3.13","69","188.1","59%","+4%"
"*06pe1*","Mateus Fernandes","TOT","M","M","103","FA","@BRF Sat 4:30PM","8,700","102.92","3.43","99","71.8","98%","+1%"
"*0689w*","Georginio Rutter","BHA","F","F","104","FA","AVL Sun 1:00PM","4,700","102.86","3.55","67","188.1","44%","+20%"
"*0787y*","Antonio Silva","BOU","D","D","105","FA","@MCI Sun 1:00PM","2,000","102.75","3.31","45","234","24%","+12%"
"*05tqx*","David Raya","ARS","G","G","106","FA","COV Fri 7:00PM","7,900","102.43","3.1","99","101.5","98%","+1%"
"*050jq*","Marc Guehi","MCI","D","D","107","FA","BOU Sun 1:00PM","11,100","102.36","3.3","100","39.3","100%","0%"
"*05o8o*","Jayden Bogle","LEE","D","D","108","FA","@NOT Sat 2:00PM","4,200","102.26","3.1","18","274.5","10%","+1%"
"*067yv*","Cody Gakpo","LIV","F","F","109","FA","@NEW Sun 3:30PM","8,200","102.22","3.3","100","27.4","100%","0%"
"*072wq*","Rayan","BOU","F","F","110","FA","@MCI Sun 1:00PM","5,100","102.17","3.1","100","22.1","100%","0%"
"*0784o*","Oscar Mingueza","CRY","D","D","111","FA","@EVE Sat 2:00PM","2,000","101.93","3.4","47","224.7","29%","+7%"
"*078az*","Konstantinos Tzolakis","HUL","G","G","112","FA","MUN Sat 11:30AM","2,000","101.72","3.08","4","287.7","2%","+2%"
"*05748*","Ismaila Sarr","CRY","M,F","M","113","FA","@EVE Sat 2:00PM","6,600","101.6","3.17","100","46.4","100%","0%"
"*06phe*","Ferdi Kadioglu","BHA","D","D","114","FA","AVL Sun 1:00PM","6,500","101.52","3.17","94","132.5","68%","-2%"
"*032aa*","Jack Butland","HUL","G","G","115","FA","MUN Sat 11:30AM","2,000","101.48","3.08","7","285.8","5%","-4%"
"*04qfz*","Diogo Dalot","MUN","D","D","116","FA","@HUL Sat 11:30AM","8,300","101.22","3.16","99","124.6","82%","+1%"
"*04e1c*","Lewis Dunk","BHA","D","D","117","FA","AVL Sun 1:00PM","6,300","100.9","3.06","13","276.4","9%","0%"
"*052h1*","Liam Millar","HUL","M,F","M","118","FA","MUN Sat 11:30AM","2,000","100.84","3.15","4","289.7","4%","0%"
"*070f9*","Yeremy Pino","CRY","M","M","119","FA","@EVE Sat 2:00PM","5,300","100.83","3.36","98","111.7","84%","-4%"
"*062ci*","Kaoru Mitoma","BHA","M","M","120","FA","AVL Sun 1:00PM","5,400","100.53","3.24","100","91.8","93%","-3%"
"*062p3*","Keane Lewis-Potter","BRF","M,F","M","121","FA","TOT Sat 4:30PM","5,000","100.38","3.24","52","225.5","31%","-9%"
"*02m5l*","John Egan","HUL","D","D","122","FA","MUN Sat 11:30AM","2,000","100.18","3.04","2","290.9","2%","0%"
"*06ab3*","Lewis Miley","NEW","M","M","123","FA","LIV Sun 3:30PM","4,000","99.95","3.45","48","233.9","26%","-4%"
"*0554i*","Joelinton","NEW","M","M","124","FA","LIV Sun 3:30PM","7,700","99.76","3.02","38","246.8","18%","+2%"
"*04fk1*","Pascal Gross","BHA","M","M","125","FA","AVL Sun 1:00PM","6,400","99.55","3.21","100","38.6","98%","+1%"
"*0522h*","Alexis Mac Allister","LIV","M","M","126","FA","@NEW Sun 3:30PM","7,400","99.55","3.21","98","116.2","86%","+1%"
"*05trb*","Bryan Mbeumo","MUN","F","F","127","FA","@HUL Sat 11:30AM","9,100","99.46","3.11","100","19.4","100%","0%"
"*076d4*","Tatsuhiro Sakamoto","COV","M","M","128","FA","@ARS Fri 7:00PM","2,000","98.94","3.19","12","281.2","7%","0%"
"*05ubv*","Omari Hutchinson","NOT","F","F","129","FA","LEE Sat 2:00PM","5,400","98.91","3.3","75","188.9","50%","-14%"
"*038ze*","Alex Iwobi","FUL","M,F","M","130","FA","CHE Mon 7:00PM","6,900","98.79","2.91","100","72.4","97%","-2%"
"*062h7*","Tyler Adams","BOU","M","M","131","FA","@MCI Sun 1:00PM","4,600","98.78","3.09","25","267.1","16%","-4%"
"*051k7*","Reece James","CHE","D","D","132","FA","@FUL Mon 7:00PM","4,300","98.74","3.53","100","64.4","100%","0%"
"*076dg*","Lewie Coyle","HUL","D","D","133","FA","MUN Sat 11:30AM","2,000","98.57","2.82","0","-","1%","0%"
"*070g7*","Nick Woltemade","NEW","F","F","134","FA","LIV Sun 3:30PM","5,600","98.35","3.17","100","93","94%","0%"
"*06do9*","Milos Kerkez","LIV","D","D","135","FA","@NEW Sun 3:30PM","8,200","98.27","3.28","100","73.2","100%","0%"
"*03rxs*","Harry Wilson","LEE","M,F","M","136","FA","@NOT Sat 2:00PM","8,300","98.01","3.16","100","50.7","100%","+1%"
"*06mn0*","Igor Thiago","BRF","F","F","137","FA","TOT Sat 4:30PM","7,900","97.74","3.05","100","18.6","100%","+1%"
"*06mnc*","Daichi Kamada","CRY","M","M","138","FA","@EVE Sat 2:00PM","3,800","97.73","3.15","9","282.6","7%","-1%"
"*05tr9*","Mathias Jensen","BRF","M","M","139","FA","TOT Sat 4:30PM","4,800","97.7","3.26","67","205.9","39%","-12%"
"*068yc*","Yasin Ayari","BHA","M","M","140","FA","AVL Sun 1:00PM","7,000","97.65","3.26","87","171.5","51%","+2%"
"*03fgl*","Jay da Silva","COV","D","D","141","FA","@ARS Fri 7:00PM","2,000","97.63","3.05","0","-","2%","-1%"
"*05ue7*","Frank Onyeka","COV","M","M","142","FA","@ARS Fri 7:00PM","2,600","97.62","3.37","3","289.3","3%","-1%"
"*06dmj*","Jurrien Timber","ARS","D","D","143","FA","COV Fri 7:00PM","9,900","97.51","3.05","100","66.8","99%","-1%"
"*067zv*","Kevin Schade","BRF","M,F","F","144","FA","TOT Sat 4:30PM","7,900","97.36","2.95","100","77.3","97%","+1%"
"*05g2o*","Joao Pedro","CHE","F","F","145","FA","@FUL Mon 7:00PM","10,400","97.33","3.36","100","10.6","100%","0%"
"*06msc*","Jacob Greaves","IPS","D","D","146","FA","SUN Sat 2:00PM","2,000","97.22","3.35","7","286.4","5%","-2%"
"*06v05*","Jeremie Frimpong","LIV","D","D","147","FA","@NEW Sun 3:30PM","2,700","97.03","3.35","100","97.9","98%","+1%"
"*05gcs*","Sander Berge","FUL","M","M","148","FA","CHE Mon 7:00PM","5,300","96.91","2.85","9","283.3","6%","-2%"
"*062ct*","Carl Rushworth","COV","G","G","149","FA","@ARS Fri 7:00PM","2,000","96.83","3.12","22","270.8","12%","+3%"
"*06cms*","Sandro Tonali","TOT","M","M","150","FA","@BRF Sat 4:30PM","6,300","96.78","3.34","100","87.6","96%","0%"
"*05r8o*","Jean-Philippe Mateta","CRY","F","F","151","FA","@EVE Sat 2:00PM","6,500","96.56","3.02","100","65.4","100%","+1%"
"*076dn*","Matt Crooks","HUL","M","M","152","FA","MUN Sat 11:30AM","2,000","96.51","2.84","2","291.7","3%","-2%"
"*06yb9*","Reinildo","SUN","D","D","153","FA","@IPS Sat 2:00PM","2,900","96.4","3.11","3","288.2","4%","-1%"
"*06zna*","Dan Ndoye","NOT","F","F","154","FA","LEE Sat 2:00PM","3,000","96.16","3.32","45","236.3","24%","-4%"
"*06r5b*","Diego Gomez","BHA","M","M","155","FA","AVL Sun 1:00PM","4,600","96.12","3.2","97","121.5","80%","-6%"
"*06rm8*","Mathys Tel","TOT","F","F","156","FA","@BRF Sat 4:30PM","3,300","95.89","3.69","100","99.2","93%","-2%"
"*063zi*","Matheus Nunes","MCI","D,M","D","157","FA","BOU Sun 1:00PM","10,000","95.59","3.3","100","60.9","99%","-1%"
"*06p6j*","Evanilson","BOU","F","F","158","FA","@MCI Sun 1:00PM","5,900","95.55","2.9","98","99.6","92%","+2%"
"*056iy*","Pedro Neto","CHE","F","F","159","FA","@FUL Mon 7:00PM","7,200","95.41","3.29","100","49.7","99%","0%"
"*05rb8*","Moises Caicedo","CHE","M","M","160","FA","@FUL Mon 7:00PM","7,900","95.36","3.18","93","121.5","79%","+2%"
"*078i7*","Ronald Araujo","LIV","D","D","161","FA","@NEW Sun 3:30PM","2,000","95.11","3.52","75","171.7","29%","-"
"*070hb*","Jaydee Canvot","CRY","D","D","162","FA","@EVE Sat 2:00PM","3,800","94.95","3.39","30","258.6","16%","-1%"
"*05r9b*","Martin Odegaard","ARS","M","M","163","FA","COV Fri 7:00PM","6,300","94.68","3.16","100","28.9","100%","0%"
"*070hs*","Gianluigi Donnarumma","MCI","G","G","164","FA","BOU Sun 1:00PM","8,600","94.47","3.15","92","121.4","96%","+5%"
"*049tq*","Dominic Calvert-Lewin","LEE","F","F","165","FA","@NOT Sat 2:00PM","7,900","94.1","2.94","100","51.4","99%","+2%"
"*051kl*","Emiliano Buendia","AVL","M","M","166","FA","@BHA Sun 1:00PM","3,700","94.05","3.36","98","116.5","85%","+3%"
"*05uht*","Morgan Rogers","CHE","M,F","M","167","FA","@FUL Mon 7:00PM","9,500","93.79","3.13","100","17","100%","0%"
"*06fxu*","Ibrahim Sangare","NOT","M","M","168","FA","LEE Sat 2:00PM","4,500","93.56","3.12","3","289.1","6%","0%"
"*068y0*","Antoine Semenyo","MCI","M,F","F","169","FA","BOU Sun 1:00PM","11,600","93.56","3.12","100","5.2","100%","0%"
"*062pl*","Lisandro Martinez","MUN","D","D","170","FA","@HUL Sat 11:30AM","4,000","93.52","3.02","23","263.7","16%","+2%"
"*078ei*","Juanlu Sanchez","BOU","M","M","171","FA","@MCI Sun 1:00PM","2,000","93.05","3.1","11","280.4","5%","+5%"
"*03ksl*","Semi Ajayi","HUL","D","D","172","FA","MUN Sat 11:30AM","2,000","92.95","2.82","0","-","2%","0%"
"*0666p*","Kobbie Mainoo","MUN","M","M","173","FA","@HUL Sat 11:30AM","3,700","92.91","3.2","76","182.4","56%","-13%"
"*02oq6*","Luke Shaw","MUN","D","D","174","FA","@HUL Sat 11:30AM","5,100","92.67","2.99","55","220.5","33%","+6%"
"*070cj*","Noah Okafor","LEE","F","F","175","FA","@NOT Sat 2:00PM","5,300","92.66","3.31","95","130.4","76%","-10%"
"*068ym*","Enzo Fernandez","CHE","M","M","176","FA","@FUL Mon 7:00PM","9,500","92.63","3.09","100","27.8","100%","0%"
"*076d7*","Victor Torp","COV","M","M","177","FA","@ARS Fri 7:00PM","2,000","92.53","3.56","42","243","21%","+2%"
"*062ts*","Djed Spence","TOT","D","D","178","FA","@BRF Sat 4:30PM","5,000","92.46","3.3","77","176.6","49%","-4%"
"*05ocl*","Ollie Watkins","AVL","F","F","179","FA","@BHA Sun 1:00PM","7,200","92.31","2.8","100","24.4","100%","0%"
"*05nil*","Leif Davis","IPS","D","D","180","FA","SUN Sat 2:00PM","2,000","91.34","2.85","82","175.9","49%","-1%"
"*06pia*","Maxence Lacroix","CHE","D","D","181","FA","@FUL Mon 7:00PM","8,900","91.28","3.04","100","72.1","100%","0%"
"*0784x*","Daizen Maeda","IPS","F","F","182","FA","SUN Sat 2:00PM","2,000","90.8","3.13","94","123","72%","+18%"
"*06mx0*","Leny Yoro","MUN","D","D","183","FA","@HUL Sat 11:30AM","2,800","90.79","3.13","8","282.2","8%","0%"
"*068yt*","Sasa Lukic","IPS","M","M","184","FA","SUN Sat 2:00PM","4,600","90.74","3.02","26","263.9","13%","-6%"
"*076da*","Haji Wright","COV","F","F","185","FA","@ARS Fri 7:00PM","2,000","90.67","2.92","95","143.7","66%","+4%"
"*05ye7*","Oscar Bobb","FUL","M","M","186","FA","CHE Mon 7:00PM","2,600","90.26","3.34","93","141.4","63%","-5%"
"*06fy7*","Nicolas Dominguez","NOT","M","M","187","FA","LEE Sat 2:00PM","2,800","90.08","3.22","2","290.7","3%","-2%"
"*06nu7*","Riccardo Calafiori","ARS","D","D","188","FA","COV Fri 7:00PM","6,100","90.04","3.1","100","74.9","99%","+1%"
"*05l8q*","Cole Palmer","CHE","M","M","189","FA","@FUL Mon 7:00PM","8,400","89.57","3.09","100","9.4","100%","0%"
"*06fvn*","Beto","EVE","F","F","190","FA","CRY Sat 2:00PM","4,200","88.94","3.07","91","128.1","74%","-12%"
"*06r6s*","Antonin Kinsky","TOT","G","G","191","FA","@BRF Sat 4:30PM","2,500","88.85","3.55","34","249.4","26%","+2%"
"*076dq*","Mohamed Belloumi","HUL","M,F","M","192","FA","MUN Sat 11:30AM","2,000","88.53","3.85","75","195.1","45%","-4%"
"*062oh*","Jake O'Brien","EVE","D","D","193","FA","CRY Sat 2:00PM","7,300","88.49","2.68","43","238.7","25%","-5%"
"*066r9*","Ehor Yarmolyuk","BRF","M","M","194","FA","TOT Sat 4:30PM","4,800","88.46","2.85","5","286.9","4%","-1%"
"*067x8*","Nico O'Reilly","MCI","D,M","D","195","FA","BOU Sun 1:00PM","6,500","87.66","3.13","100","44.2","100%","0%"
"*04abn*","Harvey Barnes","NEW","M","M","196","FA","LIV Sun 3:30PM","4,400","87.52","2.82","100","94.6","95%","0%"
"*051k3*","Jacob Ramsey","NEW","M","M","197","FA","LIV Sun 3:30PM","2,700","86.89","2.9","35","255.1","17%","+1%"
"*03fgo*","Dominic Solanke","TOT","F","F","198","FA","@BRF Sat 4:30PM","8,400","86.38","2.98","100","63.7","98%","0%"
"*06clt*","Justin Kluivert","BOU","M,F","M","199","FA","@MCI Sun 1:00PM","3,800","86.15","2.87","95","109","81%","+12%"
"*05rff*","Jaden Philogene","IPS","M,F","M","200","FA","SUN Sat 2:00PM","2,000","85.78","3.06","61","215.6","35%","-15%"
"*02m5b*","Chris Wood","NOT","F","F","201","FA","LEE Sat 2:00PM","3,500","85.49","2.76","92","140.2","61%","-3%"
"*05opj*","Elliot Anderson","MCI","M","M","202","FA","BOU Sun 1:00PM","12,000","85.22","3.87","100","32.2","100%","0%"
"*04sat*","Emile Smith Rowe","FUL","M","M","203","FA","CHE Mon 7:00PM","3,600","84.98","2.83","19","271.5","11%","0%"
"*04sjv*","Ryan Giles","HUL","D","D","204","FA","MUN Sat 11:30AM","2,000","84.77","2.57","10","282.2","7%","-1%"
"*061ya*","Brennan Johnson","EVE","F","F","205","FA","CRY Sat 2:00PM","3,800","84.54","2.82","33","251.6","17%","+7%"
"*06ex4*","Josko Gvardiol","MCI","D","D","206","FA","BOU Sun 1:00PM","7,900","84.19","3.24","100","68.4","100%","0%"
"*07897*","Cesar Palacios","FUL","M","M","207","FA","CHE Mon 7:00PM","2,000","82.94","3.46","12","278.7","5%","+4%"
"*067ys*","Jack Hinshelwood","BHA","M","M","208","FA","AVL Sun 1:00PM","3,700","82.6","2.75","80","176.8","52%","-7%"
"*070hc*","Brian Brobbey","SUN","F","F","209","FA","@IPS Sat 2:00PM","4,500","81.49","2.72","99","90.8","95%","0%"
"*061vq*","Erling Haaland","MCI","F","F","210","FA","BOU Sun 1:00PM","12,500","81.31","2.71","100","1.5","100%","0%"
"*04tsb*","Viktor Gyokeres","ARS","F","F","211","FA","COV Fri 7:00PM","2,900","80.55","2.69","100","35.9","100%","0%"
"*05t6x*","William Osula","NEW","F","F","212","FA","LIV Sun 3:30PM","2,600","80.4","3.09","96","116.5","87%","0%"
"*06ezb*","Micky van de Ven","TOT","D","D","213","FA","@BRF Sat 4:30PM","5,900","80.04","2.67","59","199.1","47%","+15%"
"*03mga*","Darnell Furlong","IPS","D","D","214","FA","SUN Sat 2:00PM","2,000","79.9","2.5","0","-","1%","0%"
"*06zqq*","Jorrel Hato","CHE","D","D","215","FA","@FUL Mon 7:00PM","2,500","79.85","3.07","37","244.9","26%","-12%"
"*06y27*","Loum Tchaouna","COV","M,F","M","216","FA","@ARS Fri 7:00PM","2,600","79.46","2.94","13","277.1","6%","+2%"
"*06mg2*","Jack Taylor","IPS","M","M","217","FA","SUN Sat 2:00PM","2,000","79.3","2.94","0","-","1%","-1%"
"*0784w*","Emersonn","IPS","F","F","218","FA","SUN Sat 2:00PM","2,000","77.62","2.68","28","260.2","14%","+3%"
"*05uds*","Kjell Scherpen","IPS","G","G","219","FA","SUN Sat 2:00PM","2,000","77.03","2.57","1","291.2","3%","+1%"
"*03am7*","Jacob Murphy","NEW","M","M","220","FA","LIV Sun 3:30PM","4,900","76.64","3.19","34","252.3","16%","-3%"
"*0646f*","Alexander Isak","LIV","F","F","221","FA","@NEW Sun 3:30PM","4,100","75.79","2.61","100","12.8","100%","0%"
"*06r9w*","Abdukodir Khusanov","MCI","D","D","222","FA","BOU Sun 1:00PM","3,400","73.16","3.05","45","231.1","30%","+1%"
"*07898*","Gonzalo Garcia","FUL","F","F","223","FA","CHE Mon 7:00PM","2,000","72.76","2.8","94","108.4","63%","+40%"
"*04abb*","Phil Foden","MCI","M","M","224","FA","BOU Sun 1:00PM","7,900","63.03","3.32","100","43.7","99%","0%"
"*05nt6*","Eberechi Eze","ARS","M","M","225","FA","COV Fri 7:00PM","7,700","62.88","3.49","100","64.9","99%","-1%"
"*0524k*","Rodri","MCI","M","M","226","FA","BOU Sun 1:00PM","4,700","62.01","3.45","61","203.5","58%","-23%"
"*044ei*","Nick Pope","NEW","G","G","227","FA","LIV Sun 3:30PM","5,700","56.12","4.68","47","229.7","40%","-18%"
"*06y9z*","Martin Zubimendi","ARS","M","M","228","FA","COV Fri 7:00PM","4,700","52.97","2.94","34","249.6","23%","-1%"
"*05omu*","Ruben Dias","MCI","D","D","229","FA","BOU Sun 1:00PM","7,800","51.15","3.01","56","203.8","42%","+6%"
"*05o6h*","Kai Havertz","ARS","F","F","230","FA","COV Fri 7:00PM","3,100","49.46","2.91","100","72.3","99%","+1%"
"*02lsa*","Dan Burn","NEW","D","D","231","FA","LIV Sun 3:30PM","7,300","40.68","3.39","22","267.4","15%","-1%"
"*04tig*","Fabian Schar","NEW","D","D","232","FA","LIV Sun 3:30PM","6,300","39.4","3.94","4","288.3","4%","-3%"
"*07877*","Mamadou Sangare","BRF","M","M","233","FA","TOT Sat 4:30PM","2,000","39.08","3.55","60","208.5","37%","+23%"
"*06v0y*","Luka Vuskovic","BHA","D","D","234","FA","AVL Sun 1:00PM","2,500","38.25","4.25","98","110.9","88%","+2%"
"*0784a*","Michael Svoboda","BHA","D","D","235","FA","AVL Sun 1:00PM","2,000","36.33","3.63","0","-","1%","0%"
"*0785d*","Bazoumana Toure","NEW","F","F","236","FA","LIV Sun 3:30PM","2,000","35.31","3.53","62","203","30%","+12%"
"*05uhq*","Shea Charles","FUL","D,M","D","237","FA","CHE Mon 7:00PM","2,000","34.48","3.83","0","-","2%","-"
"*061vk*","Jaidon Anthony","BRF","M,F","M","238","FA","TOT Sat 4:30PM","4,600","33.68","3.37","98","118.8","80%","-1%"
"*06p4k*","Matthijs de Ligt","MUN","D","D","239","FA","@HUL Sat 11:30AM","4,400","33.24","3.32","7","283.2","6%","-4%"
"*063hu*","Amadou Onana","AVL","M","M","240","FA","@BHA Sun 1:00PM","5,100","32.81","3.65","0","-","2%","-1%"
"*0327r*","Michael Keane","EVE","D","D","241","FA","CRY Sat 2:00PM","6,900","31.92","3.55","21","269","11%","+1%"
"*061z3*","Fabio Vieira","ARS","M","M","242","FA","COV Fri 7:00PM","2,500","30.64","3.4","1","290.2","1%","0%"
"*076du*","Azor Matusiwa","IPS","M","M","243","FA","SUN Sat 2:00PM","2,000","29.53","3.28","0","-","2%","-2%"
"*04hk9*","Mikel Merino","ARS","M","M","244","FA","COV Fri 7:00PM","5,000","29.48","3.28","34","251.4","21%","-1%"
"*06l2r*","Harry Amass","MUN","D","D","245","FA","@HUL Sat 11:30AM","2,500","28.53","4.08","0","-","1%","0%"
"*0785j*","Thomas Meunier","SUN","D","D","246","FA","@IPS Sat 2:00PM","2,000","28.3","3.14","3","288.3","2%","+1%"
"*06uzt*","Mike Penders","CHE","G","G","247","FA","@FUL Mon 7:00PM","2,500","28.04","3.5","3","289.4","2%","-1%"
"*06cmb*","Guglielmo Vicario","TOT","G","G","248","FA","@BRF Sat 4:30PM","5,800","27.87","3.48","4","288.9","4%","-3%"
"*06c6g*","Yankuba Minteh","BHA","M,F","M","249","FA","AVL Sun 1:00PM","7,300","27.7","3.46","100","45.9","96%","-1%"
"*076d9*","Ephron Mason-Clark","COV","M,F","M","250","FA","@ARS Fri 7:00PM","2,000","27.18","3.4","34","251.3","18%","-12%"
"*0784z*","Jeremy Jacquet","LIV","D","D","251","FA","@NEW Sun 3:30PM","2,000","26.57","2.95","64","198.8","48%","+3%"
"*06fg0*","Gustavo Hamer","COV","M","M","252","FA","@ARS Fri 7:00PM","2,000","26.31","2.92","33","244.5","2%","-"
"*06xzi*","Tyler Bindon","NOT","D","D","253","FA","LEE Sat 2:00PM","2,000","26.3","3.76","1","290.1","0%","0%"
"*04qfm*","Ryan Sessegnon","FUL","D,M","D","254","FA","CHE Mon 7:00PM","4,000","26","3.71","21","272.1","9%","-1%"
"*05n3u*","Joe Gelhardt","LEE","F","F","255","FA","@NOT Sat 2:00PM","2,500","25.99","3.71","3","289.7","2%","-1%"
"*061vp*","Brenden Aaronson","LEE","M","M","256","FA","@NOT Sat 2:00PM","4,800","25.87","3.23","47","233.2","28%","-9%"
"*070hq*","Piero Hincapie","ARS","D","D","257","FA","COV Fri 7:00PM","6,100","25.64","3.66","96","128.9","81%","-3%"
"*04ym7*","Lucas Perri","LEE","G","G","258","FA","@NOT Sat 2:00PM","2,600","25.61","4.27","8","281.6","6%","-6%"
"*03rec*","Tyrone Mings","AVL","D","D","259","FA","@BHA Sun 1:00PM","3,800","25.54","3.65","1","291.1","2%","-2%"
"*05o4c*","Timothy Castagne","FUL","D","D","260","FA","CHE Mon 7:00PM","3,500","25.37","3.62","3","289.4","3%","-1%"
"*03gu4*","Harry Maguire","MUN","D","D","261","FA","@HUL Sat 11:30AM","4,600","25.23","3.6","94","126.1","82%","-4%"
"*0372y*","Matt Targett","HUL","D","D","262","FA","MUN Sat 11:30AM","2,500","25.22","2.8","0","-","2%","-1%"
"*04mi4*","Callum Hudson-Odoi","NOT","F","F","263","FA","LEE Sat 2:00PM","5,700","25.12","3.14","67","202.1","44%","-9%"
"*05uoc*","Cristian Romero","TOT","D","D","264","FA","@BRF Sat 4:30PM","6,200","25.03","3.58","20","266.4","12%","-5%"
"*06mow*","Jorgen Strand Larsen","CRY","F","F","265","FA","@EVE Sat 2:00PM","5,900","24.8","2.76","52","226.2","31%","-9%"
"*06rlj*","Patrick Dorgu","MUN","D","D","266","FA","@HUL Sat 11:30AM","5,700","24.75","3.54","100","52","98%","0%"
"*05tre*","Vitaly Janelt","BRF","M","M","267","FA","TOT Sat 4:30PM","5,200","24.38","3.05","11","280.5","5%","-3%"
"*07849*","Alvaro Rodriguez","BOU","F","F","268","FA","@MCI Sun 1:00PM","2,000","24.12","4.02","13","276.8","7%","+2%"
"*05roa*","Cody Drameh","HUL","D","D","269","FA","MUN Sat 11:30AM","2,000","23.9","3.41","0","-","0%","0%"
"*06y9o*","Igor Jesus","NOT","F","F","270","FA","LEE Sat 2:00PM","2,900","23.89","2.99","98","106.8","88%","+5%"
"*04tzt*","Jefferson Lerma","CRY","M","M","271","FA","@EVE Sat 2:00PM","5,200","23.77","3.4","1","291.7","2%","0%"
"*062ow*","David Ozoh","CRY","M","M","272","FA","@EVE Sat 2:00PM","2,500","23.77","3.4","0","-","0%","0%"
"*05ogb*","Anthony Elanga","NEW","F","F","273","FA","LIV Sun 3:30PM","3,600","23.72","3.39","79","184.8","45%","-5%"
"*06zbz*","Hugo Ekitike","LIV","F","F","274","FA","@NEW Sun 3:30PM","6,000","23.7","3.39","62","212.6","48%","-8%"
"*04ai5*","Geronimo Rulli","MCI","G","G","275","FA","BOU Sun 1:00PM","2,000","23.64","3.38","0","-","0%","-"
"*06v0k*","Alan Browne","SUN","M","M","276","FA","@IPS Sat 2:00PM","2,500","23.6","3.37","0","-","0%","0%"
"*06y29*","Habib Diarra","SUN","M","M","277","FA","@IPS Sat 2:00PM","2,600","23.51","2.61","5","283.7","3%","0%"
"*076cw*","Oliver Dovin","COV","G","G","278","FA","@ARS Fri 7:00PM","2,000","23.34","2.92","1","291.2","1%","-1%"
"*061ve*","Ryan Christie","BOU","M","M","279","FA","@MCI Sun 1:00PM","4,400","23.3","3.88","4","288.1","2%","-1%"
"*05ylx*","Dejan Kulusevski","TOT","M","M","280","FA","@BRF Sat 4:30PM","2,600","23.22","3.32","68","195.1","55%","-14%"
"*070fa*","Xavi Simons","TOT","M","M","281","FA","@BRF Sat 4:30PM","5,300","23.14","3.86","5","286.1","7%","-2%"
"*05uel*","Kristoffer Ajer","BRF","D","D","282","FA","TOT Sat 4:30PM","4,600","23.11","3.3","2","291.1","2%","-1%"
"*076qg*","Victor Munoz","LIV","F","F","283","FA","@NEW Sun 3:30PM","2,000","22.97","3.28","97","116","85%","-8%"
"*04mr4*","Martin Dubravka","TOT","G","G","284","FA","@BRF Sat 4:30PM","7,100","22.96","3.83","0","-","2%","-1%"
"*0784s*","Abdulkadir Omur","HUL","M","M","285","FA","MUN Sat 11:30AM","2,000","22.9","2.86","0","-","0%","0%"
"*06nbw*","Jaden Heskey","MCI","F","F","286","FA","BOU Sun 1:00PM","2,500","22.8","3.26","1","289.2","1%","+1%"
"*06ybp*","Thierno Barry","EVE","F","F","287","FA","CRY Sat 2:00PM","2,600","22.77","2.85","36","254.6","15%","+1%"
"*03p9y*","Alex Palmer","IPS","G","G","288","FA","SUN Sat 2:00PM","2,000","22.28","4.46","0","-","1%","0%"
"*02lm7*","Jack Grealish","MCI","M","M","289","FA","BOU Sun 1:00PM","7,000","22.24","3.71","97","113.2","84%","-7%"
"*05o6g*","Cedric Kipre","IPS","D","D","290","FA","SUN Sat 2:00PM","2,000","22.23","3.18","0","-","0%","0%"
"*0700u*","Bafode Diakite","BOU","D","D","291","FA","@MCI Sun 1:00PM","3,600","22.1","3.16","3","290.3","3%","-2%"
"*061vn*","Rodrigo Muniz","FUL","F","F","292","FA","CHE Mon 7:00PM","2,600","21.88","3.65","74","174.9","63%","-26%"
"*070ha*","Florentino","IPS","M","M","293","FA","SUN Sat 2:00PM","4,200","21.74","3.11","0","-","2%","+1%"
"*076dw*","Anis Mehmeti","IPS","M","M","294","FA","SUN Sat 2:00PM","2,000","21.52","3.07","3","289.7","1%","0%"
"*06j20*","Valentin Barco","CHE","D,M","D","295","FA","@FUL Mon 7:00PM","2,000","21.52","3.59","19","268","9%","+5%"
"*04f6o*","Will Hughes","CRY","M","M","296","FA","@EVE Sat 2:00PM","3,400","21.31","3.55","1","290.7","1%","0%"
"*04fjz*","Christian Walton","IPS","G","G","297","FA","SUN Sat 2:00PM","2,000","21.05","3.51","7","285.8","3%","-4%"
"*062p0*","Stefan Bajcetic","LIV","M","M","298","FA","@NEW Sun 3:30PM","2,500","21.03","3.51","0","-","1%","-1%"
"*06exk*","Ashley Phillips","TOT","D","D","299","FA","@BRF Sat 4:30PM","2,000","20.95","2.99","0","-","0%","0%"
"*06zwj*","Evann Guessand","CRY","F","F","300","FA","@EVE Sat 2:00PM","3,400","20.93","3.49","4","287.7","3%","-1%"
"*076db*","Brandon Thomas-Asante","COV","F","F","301","FA","@ARS Fri 7:00PM","2,000","20.9","2.99","5","288","3%","-1%"
"*06mn1*","Ibrahim Osman","BHA","F","F","302","FA","AVL Sun 1:00PM","2,000","20.83","3.47","0","-","1%","0%"
"*076dv*","Marcelino Nunez","IPS","M","M","303","FA","SUN Sat 2:00PM","2,000","20.81","2.97","6","285.8","4%","-3%"
"*06rlf*","Eiran Cashin","BHA","D","D","304","FA","AVL Sun 1:00PM","2,000","20.8","3.47","0","-","0%","0%"
"*0785g*","Xaver Schlager","NOT","M","M","305","FA","LEE Sat 2:00PM","2,000","20.7","2.96","5","285.8","2%","+1%"
"*0784b*","Marco Palestra","CHE","D","D","306","FA","@FUL Mon 7:00PM","2,000","20.63","4.13","82","146.2","66%","+26%"
"*070hn*","Dilane Bakwa","NOT","F","F","307","FA","LEE Sat 2:00PM","2,600","20.29","4.06","1","291.3","1%","-1%"
"*062cl*","Issa Kabore","MCI","D","D","308","FA","BOU Sun 1:00PM","2,500","20.15","4.03","0","-","0%","0%"
"*06r9x*","Vitor Reis","MCI","D","D","309","FA","BOU Sun 1:00PM","2,500","19.96","3.33","0","-","1%","0%"
"*057cr*","Kevin Danso","TOT","D","D","310","FA","@BRF Sat 4:30PM","3,300","19.86","3.97","0","-","1%","-1%"
"*043qy*","Lewis Cook","BOU","M","M","311","FA","@MCI Sun 1:00PM","3,900","19.84","2.48","4","287.5","2%","0%"
"*05uhj*","Conor Bradley","LIV","D","D","312","FA","@NEW Sun 3:30PM","4,300","19.73","3.29","5","286.6","4%","-1%"
"*06v0f*","Jenson Seelt","SUN","D","D","313","FA","@IPS Sat 2:00PM","2,500","19.64","3.93","0","-","1%","-1%"
"*06p4j*","Noussair Mazraoui","MUN","D","D","314","FA","@HUL Sat 11:30AM","3,800","19.53","3.26","5","287.9","4%","-2%"
"*06ymt*","Marco Bizot","AVL","G","G","315","FA","@BHA Sun 1:00PM","2,600","19.5","3.9","3","289.8","2%","0%"
"*060wh*","Alejandro Garnacho","AVL","M,F","M","316","FA","@BHA Sun 1:00PM","7,000","19.43","3.24","81","171.3","56%","-2%"
"*062du*","Darko Gyabi","HUL","M","M","317","FA","MUN Sat 11:30AM","2,500","19.43","3.24","0","-","0%","0%"
"*070g8*","Nicolo Savona","NOT","D","D","318","FA","LEE Sat 2:00PM","3,600","19.38","2.77","0","-","1%","0%"
"*05ubt*","Harry Clarke","IPS","D","D","319","FA","SUN Sat 2:00PM","2,000","19.31","2.41","0","-","0%","0%"
"*04o82*","Curtis Jones","LIV","M","M","320","FA","@NEW Sun 3:30PM","4,700","19.28","3.21","4","288","3%","-1%"
"*06onv*","Harrison Armstrong","EVE","M","M","321","FA","CRY Sat 2:00PM","2,500","19.24","3.21","0","-","2%","-1%"
"*062p1*","Luke Chambers","LIV","D","D","322","FA","@NEW Sun 3:30PM","2,000","19.17","2.74","0","-","0%","0%"
"*05opl*","Wesley Fofana","CHE","D","D","323","FA","@FUL Mon 7:00PM","7,400","19.03","3.81","6","286.1","6%","-3%"
"*05ylw*","Rodrigo Bentancur","TOT","M","M","324","FA","@BRF Sat 4:30PM","4,500","18.95","3.16","5","286.8","4%","0%"
"*05244*","Jack Clarke","IPS","M,F","M","325","FA","SUN Sat 2:00PM","2,000","18.92","3.78","7","284.5","7%","+1%"
"*03ybi*","Marcus Rashford","MUN","F","F","326","FA","@HUL Sat 11:30AM","2,000","18.81","3.13","95","119.2","70%","+23%"
"*0784t*","Oscar Zambrano","HUL","M","M","327","FA","MUN Sat 11:30AM","2,000","18.58","3.1","1","290","0%","0%"
"*0703h*","Arnaud Kalimuendo","NOT","F","F","328","FA","LEE Sat 2:00PM","2,500","18.25","3.04","0","-","1%","-1%"
"*03jlw*","Paddy McNair","HUL","D","D","329","FA","MUN Sat 11:30AM","2,000","18.24","3.04","1","290.7","1%","0%"
"*063y7*","Destiny Udogie","TOT","D","D","330","FA","@BRF Sat 4:30PM","2,900","18.19","3.03","18","273.2","8%","0%"
"*07853*","Juma Bah","MCI","D","D","331","FA","BOU Sun 1:00PM","2,000","18.07","3.61","1","288.4","0%","0%"
"*05rjn*","Jesurun Rak-Sakyi","CRY","M,F","M","332","FA","@EVE Sat 2:00PM","2,500","17.98","3","0","-","1%","0%"
"*06zxy*","Benjamin Sesko","MUN","F","F","333","FA","@HUL Sat 11:30AM","5,600","17.84","2.55","99","50.5","98%","0%"
"*06y9m*","Maxim De Cuyper","BHA","D","D","334","FA","AVL Sun 1:00PM","2,600","17.73","3.55","78","179.4","56%","-17%"
"*0784i*","Aurele Amenda","COV","D","D","335","FA","@ARS Fri 7:00PM","2,000","17.68","3.54","0","-","1%","0%"
"*066j4*","Mateo Joseph","LEE","F","F","336","FA","@NOT Sat 2:00PM","2,500","17.67","2.94","0","-","0%","0%"
"*068n8*","Noni Madueke","ARS","M,F","M","337","FA","COV Fri 7:00PM","4,100","17.63","3.53","90","158.4","68%","-8%"
"*04p0d*","Dwight McNeil","CRY","M,F","M","338","FA","@EVE Sat 2:00PM","4,500","17.54","3.51","30","254.7","22%","+10%"
"*06ew2*","Axel Disasi","CHE","D","D","339","FA","@FUL Mon 7:00PM","3,000","17.51","2.92","0","-","1%","-1%"
"*068a0*","Andrey Santos","MUN","M","M","340","FA","@HUL Sat 11:30AM","2,500","17.45","3.49","42","235.8","25%","+3%"
"*076d6*","Josh Eccles","COV","M","M","341","FA","@ARS Fri 7:00PM","2,000","17.43","2.9","0","-","2%","-1%"
"*06v51*","Jaka Bijol","LEE","D","D","342","FA","@NOT Sat 2:00PM","2,900","17.4","2.17","51","220.1","41%","-20%"
"*06xzg*","Giorgi Mamardashvili","LIV","G","G","343","FA","@NEW Sun 3:30PM","2,800","17.26","3.45","4","288.6","4%","-2%"
"*05t6z*","Tim Iroegbunam","EVE","M","M","344","FA","CRY Sat 2:00PM","2,900","17.1","3.42","1","292.1","2%","-1%"
"*04h87*","Joel Latibeaudiere","COV","D","D","345","FA","@ARS Fri 7:00PM","2,000","17.06","3.41","0","-","0%","0%"
"*05tqz*","Rico Henry","BRF","D","D","346","FA","TOT Sat 4:30PM","2,600","17.05","3.41","2","291","1%","0%"
"*06uzy*","Ao Tanaka","LEE","M","M","347","FA","@NOT Sat 2:00PM","2,500","16.95","2.82","3","289.8","3%","-1%"
"*06zbm*","Cristhian Mosquera","ARS","D","D","348","FA","COV Fri 7:00PM","2,600","16.91","2.82","60","208.4","43%","+4%"
"*06fwi*","Carlos Baleba","BHA","M","M","349","FA","AVL Sun 1:00PM","3,300","16.85","2.41","6","286.1","5%","-2%"
"*02lpf*","Ross Barkley","AVL","M","M","350","FA","@BHA Sun 1:00PM","2,600","16.84","3.37","10","281.8","5%","-2%"
"*06v01*","Ilia Gruev","LEE","M","M","351","FA","@NOT Sat 2:00PM","2,600","16.72","2.79","0","-","1%","0%"
"*06ybq*","Chemsdine Talbi","SUN","F","F","352","FA","@IPS Sat 2:00PM","2,600","16.72","2.79","4","288.3","4%","-2%"
"*03pif*","Karl Darlow","MUN","G","G","353","FA","@HUL Sat 11:30AM","4,100","16.5","3.3","1","289.6","2%","-1%"
"*072zr*","Luca Netz","NOT","D","D","354","FA","LEE Sat 2:00PM","2,500","16.43","3.29","1","291.2","0%","0%"
"*06mnb*","Samuel Iling-Junior","AVL","F","F","355","FA","@BHA Sun 1:00PM","2,500","16.34","3.27","0","-","1%","-1%"
"*02lp5*","Adam Smith","BOU","D","D","356","FA","@MCI Sun 1:00PM","2,600","16.25","2.71","1","292.2","1%","-1%"
"*05os4*","Rayan Ait-Nouri","MCI","D","D","357","FA","BOU Sun 1:00PM","5,900","16.24","3.25","95","133.5","75%","-5%"
"*05s00*","Daniel Jebbison","BOU","F","F","358","FA","@MCI Sun 1:00PM","2,000","16.24","3.25","0","-","0%","0%"
"*06v0m*","Luke O'Nien","SUN","D,M","D","359","FA","@IPS Sat 2:00PM","2,500","16.06","3.21","1","290.8","1%","0%"
"*06clz*","Malo Gusto","CHE","D","D","360","FA","@FUL Mon 7:00PM","6,200","15.88","3.18","32","253.1","16%","-5%"
"*0626q*","Simon Adingra","SUN","F","F","361","FA","@IPS Sat 2:00PM","2,600","15.84","3.17","1","290.6","2%","0%"
"*05uor*","Yoane Wissa","NEW","F","F","362","FA","LIV Sun 3:30PM","2,600","15.6","2.6","98","118.7","78%","-1%"
"*051k8*","Conor Gallagher","TOT","M","M","363","FA","@BRF Sat 4:30PM","4,200","15.38","3.08","44","239.3","24%","+1%"
"*06uzu*","Mamadou Sarr","CHE","D","D","364","FA","@FUL Mon 7:00PM","2,500","15.22","3.04","0","-","1%","-1%"
"*05w7t*","Pape Sarr","TOT","M","M","365","FA","@BRF Sat 4:30PM","5,100","15.06","3.01","3","289","4%","-1%"
"*04io4*","Richarlison","TOT","F","F","366","FA","@BRF Sat 4:30PM","5,700","15.04","3.01","89","163.5","62%","-6%"
"*05udw*","Romaine Mundle","SUN","M,F","M","367","FA","@IPS Sat 2:00PM","2,600","14.81","3.7","0","-","1%","-1%"
"*052h5*","Gabriel Martinelli","ARS","M,F","M","368","FA","COV Fri 7:00PM","3,600","14.74","2.95","63","205.6","43%","-5%"
"*05rey*","Kaine Hayden","COV","D","D","369","FA","@ARS Fri 7:00PM","2,000","14.69","3.67","0","-","0%","0%"
"*06cm4*","Chiedozie Ogbene","IPS","F","F","370","FA","SUN Sat 2:00PM","2,000","14.63","2.93","0","-","0%","0%"
"*04ge9*","Eddie Nketiah","CRY","F","F","371","FA","@EVE Sat 2:00PM","2,600","14.52","3.63","5","287.1","4%","-2%"
"*02lnx*","Danny Welbeck","CHE","F","F","372","FA","@FUL Mon 7:00PM","5,200","14.47","2.89","68","198.6","52%","-18%"
"*06xza*","Eli Kroupi","BOU","F","F","373","FA","@MCI Sun 1:00PM","2,600","14.36","2.39","85","140.5","75%","-18%"
"*06r9h*","Romain Esse","CRY","M","M","374","FA","@EVE Sat 2:00PM","2,500","14.17","3.54","3","289.6","2%","-2%"
"*04e1e*","Ben White","ARS","D","D","375","FA","COV Fri 7:00PM","4,900","13.83","3.46","43","236.3","27%","+11%"
"*0687c*","Carlos Alcaraz","EVE","M","M","376","FA","CRY Sat 2:00PM","2,600","13.77","3.44","4","287.2","4%","-2%"
"*04ge6*","Joe Willock","NEW","M","M","377","FA","LIV Sun 3:30PM","2,600","13.76","3.44","0","-","2%","-1%"
"*062ot*","Cheick Doucoure","CRY","M","M","378","FA","@EVE Sat 2:00PM","2,600","13.75","3.44","0","-","1%","-1%"
"*06v06*","Tijjani Reijnders","MCI","M","M","379","FA","BOU Sun 1:00PM","2,800","13.75","2.75","68","201.3","34%","-2%"
"*06zbw*","Benjamin Lecomte","FUL","G","G","380","FA","CHE Mon 7:00PM","2,500","13.7","4.57","0","-","0%","0%"
"*04fk8*","Victor Lindelof","AVL","D","D","381","FA","@BHA Sun 1:00PM","2,600","13.7","3.42","0","-","0%","0%"
"*04ug0*","Sean Longstaff","LEE","M","M","382","FA","@NOT Sat 2:00PM","4,200","13.64","3.41","3","287.4","3%","0%"
"*070hi*","Merlin Rohl","EVE","M","M","383","FA","CRY Sat 2:00PM","2,600","13.58","2.72","18","273.1","7%","0%"
"*03yr0*","Daniel James","LEE","M","M","384","FA","@NOT Sat 2:00PM","2,500","13.57","2.71","2","288.4","2%","0%"
"*06nbu*","Stephen Mfuni","MCI","D","D","385","FA","BOU Sun 1:00PM","2,500","13.44","3.36","0","-","1%","0%"
"*06pib*","Manuel Ugarte","MUN","M","M","386","FA","@HUL Sat 11:30AM","2,600","13.4","3.35","0","-","2%","-1%"
"*05m47*","George Hirst","IPS","F","F","387","FA","SUN Sat 2:00PM","2,000","13.36","2.67","8","284.8","4%","-4%"
"*070ci*","Amine Adli","BOU","F","F","388","FA","@MCI Sun 1:00PM","4,100","13.31","3.33","5","286.9","4%","-3%"
"*06nyw*","Jorge Cuenca","FUL","D","D","389","FA","CHE Mon 7:00PM","2,600","13.31","3.33","0","-","1%","-1%"
"*07859*","Aladji Bamba","NEW","M","M","390","FA","LIV Sun 3:30PM","2,000","13.29","4.43","9","281.8","4%","+2%"
"*02lk5*","Jordan Henderson","CHE","M","M","391","FA","@FUL Mon 7:00PM","2,600","13.21","2.64","1","291","1%","0%"
"*05afj*","Largie Ramazani","LEE","F","F","392","FA","@NOT Sat 2:00PM","2,600","13.2","3.3","0","-","0%","0%"
"*05tr8*","Christian Norgaard","EVE","M","M","393","FA","CRY Sat 2:00PM","2,600","13.2","3.3","25","262.5","13%","+5%"
"*06fhy*","Wilson Odobert","TOT","F","F","394","FA","@BRF Sat 4:30PM","2,600","13.19","3.3","0","-","2%","0%"
"*06rf9*","Omar Marmoush","MCI","F","F","395","FA","BOU Sun 1:00PM","2,600","13.18","3.29","94","141.1","70%","-7%"
"*03m5i*","Freddie Woodman","LIV","G","G","396","FA","@NEW Sun 3:30PM","2,700","13.14","3.29","0","-","1%","0%"
"*05uns*","Leon Bailey","AVL","M,F","M","397","FA","@BHA Sun 1:00PM","2,600","12.95","3.24","5","287.7","4%","-2%"
"*06do4*","Louie Koumas","LIV","F","F","398","FA","@NEW Sun 3:30PM","2,000","12.92","3.23","0","-","1%","0%"
"*04rh9*","David Brooks","BOU","M","M","399","FA","@MCI Sun 1:00PM","2,600","12.91","3.23","0","-","2%","0%"
"*06rm7*","Nico Gonzalez","MCI","M","M","400","FA","BOU Sun 1:00PM","4,100","12.88","3.22","5","287.8","4%","-1%"
"*06pig*","Morato","NOT","D","D","401","FA","LEE Sat 2:00PM","2,600","12.84","3.21","0","-","1%","-1%"
"*061y6*","Ryan Yates","NOT","M","M","402","FA","LEE Sat 2:00PM","2,600","12.8","3.2","0","-","1%","-1%"
"*06v0l*","Chris Rigg","SUN","M","M","403","FA","@IPS Sat 2:00PM","2,600","12.76","3.19","1","292.3","2%","-2%"
"*06mfy*","Luke Woolfenden","COV","D","D","404","FA","@ARS Fri 7:00PM","2,000","12.72","3.18","0","-","0%","0%"
"*05m9r*","Ellis Simms","COV","F","F","405","FA","@ARS Fri 7:00PM","2,000","12.65","2.53","7","285.1","2%","-2%"
"*04qfq*","Matt O'Riley","BHA","M","M","406","FA","AVL Sun 1:00PM","2,600","12.49","3.12","6","284.6","4%","-3%"
"*03gu5*","Andrew Robertson","TOT","D","D","407","FA","@BRF Sat 4:30PM","3,800","12.14","3.04","73","190.2","50%","-3%"
"*05tr1*","Ethan Pinnock","BRF","D","D","408","FA","TOT Sat 4:30PM","2,900","12.07","3.02","0","-","2%","0%"
"*06v0t*","Wilson Isidor","SUN","F","F","409","FA","@IPS Sat 2:00PM","2,600","12.04","2.41","1","290.9","2%","-2%"
"*05vyj*","Evan Ferguson","BHA","F","F","410","FA","AVL Sun 1:00PM","2,000","11.97","2.99","0","-","1%","-1%"
"*06jh3*","Joshua King","FUL","M","M","411","FA","CHE Mon 7:00PM","2,600","11.91","2.98","5","286.9","5%","0%"
"*04qos*","Issa Diop","IPS","D","D","412","FA","SUN Sat 2:00PM","2,600","11.88","2.97","4","288.1","3%","0%"
"*06mnn*","Chadi Riad","CRY","D","D","413","FA","@EVE Sat 2:00PM","2,600","11.88","2.97","1","290.6","1%","-1%"
"*05oig*","Liam Delap","CHE","F","F","414","FA","@FUL Mon 7:00PM","2,600","11.58","2.89","9","280.8","9%","-2%"
"*04lnu*","Lukas Nmecha","LEE","F","F","415","FA","@NOT Sat 2:00PM","2,600","11.5","2.88","12","279.3","6%","-1%"
"*076kg*","Emmanuel Emegha","CHE","F","F","416","FA","@FUL Mon 7:00PM","2,000","11.47","2.29","12","278.9","6%","-6%"
"*03r8x*","Callum Wilson","BRF","F","F","417","FA","TOT Sat 4:30PM","3,000","11.36","2.84","1","290.9","3%","+1%"
"*06ils*","Yunus Konak","BRF","M","M","418","FA","TOT Sat 4:30PM","2,500","11.12","2.78","0","-","0%","0%"
"*06mvz*","Savio","MCI","M,F","M","419","FA","BOU Sun 1:00PM","2,600","11.1","3.7","94","122.9","81%","-8%"
"*06cm1*","Nicolas Jackson","CHE","F","F","420","FA","@FUL Mon 7:00PM","2,000","11.07","2.77","0","-","1%","+1%"
"*052cd*","Mason Mount","MUN","M","M","421","FA","@HUL Sat 11:30AM","2,800","11.07","2.77","9","282.6","8%","-2%"
"*076dx*","Sindre Egeli","IPS","M,F","M","422","FA","SUN Sat 2:00PM","2,000","10.73","2.68","1","290.9","1%","0%"
"*05y7c*","Archie Gray","TOT","M","M","423","FA","@BRF Sat 4:30PM","2,600","10.65","2.66","1","291.4","4%","-2%"
"*06195*","Tyler Dibling","EVE","M","M","424","FA","CRY Sat 2:00PM","2,600","10.51","3.5","1","291.6","3%","-2%"
"*064a0*","Wilfried Gnonto","LEE","F","F","425","FA","@NOT Sat 2:00PM","2,500","10.51","3.5","0","-","2%","0%"
"*05y55*","Kasey McAteer","IPS","M","M","426","FA","SUN Sat 2:00PM","2,000","10.46","2.62","1","290.1","0%","0%"
"*06phr*","Gustavo Nunes","BRF","F","F","427","FA","TOT Sat 4:30PM","2,500","10.41","3.47","0","-","1%","0%"
"*03yeg*","Tosin Adarabioyo","CHE","D","D","428","FA","@FUL Mon 7:00PM","3,100","10.39","3.46","0","-","2%","0%"
"*06ygm*","Jair Cunha","NOT","D","D","429","FA","LEE Sat 2:00PM","2,500","10.36","3.45","1","291.4","1%","-1%"
"*070gt*","John Victor","NOT","G","G","430","FA","LEE Sat 2:00PM","2,600","10.32","3.44","1","291","1%","0%"
"*05r4h*","Lamare Bogarde","AVL","M","M","431","FA","@BHA Sun 1:00PM","2,600","10.08","2.52","0","-","1%","-1%"
"*06zxx*","Divine Mukasa","MCI","M","M","432","FA","BOU Sun 1:00PM","2,500","9.84","3.28","0","-","1%","0%"
"*05wwd*","Joshua Wilson-Esbrand","MCI","D","D","433","FA","BOU Sun 1:00PM","2,500","9.82","3.27","0","-","1%","-1%"
"*0410j*","Tammy Abraham","AVL","F","F","434","FA","@BHA Sun 1:00PM","3,000","9.58","3.19","4","286.9","3%","-2%"
"*04u40*","Kepa","ARS","G","G","435","FA","COV Fri 7:00PM","2,500","9.5","3.17","2","290.2","3%","0%"
"*06msb*","Malick Yalcouye","BHA","M","M","436","FA","AVL Sun 1:00PM","2,500","9.43","3.14","0","-","1%","0%"
"*06y9n*","Jamie Gittens","CHE","F","F","437","FA","@FUL Mon 7:00PM","2,600","9.41","3.14","9","284","6%","-2%"
"*06mn7*","Lucas Bergvall","TOT","M","M","438","FA","@BRF Sat 4:30PM","2,600","9.35","3.12","4","288.3","5%","-3%"
"*06y28*","Sebastiaan Bornauw","LEE","D","D","439","FA","@NOT Sat 2:00PM","2,500","9.32","3.11","0","-","1%","0%"
"*067x6*","Max Alleyne","MCI","D","D","440","FA","BOU Sun 1:00PM","2,600","9.28","3.09","0","-","1%","-1%"
"*066nn*","Ben Doak","BOU","M,F","M","441","FA","@MCI Sun 1:00PM","2,500","9.07","3.02","5","285.6","4%","-1%"
"*06yxe*","Estevao","CHE","F","F","442","FA","@FUL Mon 7:00PM","2,600","9.04","3.01","100","85.8","93%","-1%"
"*076di*","Matty Jacob","HUL","D","D","443","FA","MUN Sat 11:30AM","2,000","9","3","0","-","0%","0%"
"*06mve*","Joshua Zirkzee","MUN","F","F","444","FA","@HUL Sat 11:30AM","2,600","8.93","2.98","1","290.8","2%","-1%"
"*06r5r*","Matai Akinmboni","BOU","D","D","445","FA","@MCI Sun 1:00PM","2,500","8.84","4.42","0","-","0%","0%"
"*0328q*","Tom Cairney","FUL","M","M","446","FA","CHE Mon 7:00PM","2,600","8.8","2.93","0","-","1%","-1%"
"*04mcg*","Ben Johnson","IPS","D","D","447","FA","SUN Sat 2:00PM","2,000","8.73","2.91","0","-","0%","0%"
"*0326x*","Chuba Akpom","IPS","F","F","448","FA","SUN Sat 2:00PM","2,000","8.69","2.9","2","289.5","1%","0%"
"*062og*","Aaron Hickey","BRF","D","D","449","FA","TOT Sat 4:30PM","2,500","8.56","2.85","0","-","1%","0%"
"*05n3v*","Konstantinos Tsimikas","LIV","D","D","450","FA","@NEW Sun 3:30PM","2,600","8.52","4.26","0","-","1%","-1%"
"*070h9*","Veljko Milosavljevic","BOU","D","D","451","FA","@MCI Sun 1:00PM","2,600","8.49","4.25","0","-","1%","-1%"
"*04u41*","Mateo Kovacic","MCI","M","M","452","FA","BOU Sun 1:00PM","2,600","8.46","4.23","1","290.2","2%","0%"
"*064oo*","Amario Cozier-Duberry","BHA","M","M","453","FA","AVL Sun 1:00PM","2,000","8.38","4.19","0","-","0%","0%"
"*03r93*","Joseph Gomez","LIV","D","D","454","FA","@NEW Sun 3:30PM","2,600","8.31","2.77","0","-","3%","-3%"
"*05mzt*","Illan Meslier","ARS","G","G","455","FA","COV Fri 7:00PM","2,500","8.24","2.75","0","-","1%","0%"
"*05w9r*","Takehiro Tomiyasu","CRY","D","D","456","FA","@EVE Sat 2:00PM","2,000","8.24","4.12","8","284.1","1%","-"
"*066sd*","Myles Lewis-Skelly","ARS","D,M","M","457","FA","COV Fri 7:00PM","2,600","8.22","2.74","20","269.2","12%","+1%"
"*02lpi*","Jake Bidwell","COV","D","D","458","FA","@ARS Fri 7:00PM","2,000","8.13","2.71","0","-","0%","0%"
"*06r5m*","Aaron Anselmino","CHE","D","D","459","FA","@FUL Mon 7:00PM","2,500","8.06","4.03","0","-","0%","0%"
"*05unu*","Romeo Lavia","CHE","M","M","460","FA","@FUL Mon 7:00PM","2,500","7.99","3.99","4","287.5","3%","0%"
"*06v02*","Joel Piroe","LEE","F","F","461","FA","@NOT Sat 2:00PM","2,600","7.84","2.61","0","-","1%","0%"
"*06kx1*","Justin Devenny","CRY","M","M","462","FA","@EVE Sat 2:00PM","2,500","7.83","2.61","0","-","1%","-1%"
"*06kqy*","Ayden Heaven","MUN","D","D","463","FA","@HUL Sat 11:30AM","2,600","7.78","2.59","6","287.4","3%","-1%"
"*04vy4*","Mark Travers","EVE","G","G","464","FA","CRY Sat 2:00PM","2,600","7.72","3.86","0","-","1%","0%"
"*072j3*","Alysson Edward","AVL","F","F","465","FA","@BHA Sun 1:00PM","2,500","7.63","3.81","1","292.1","1%","0%"
"*06r2g*","Rio Ngumoha","LIV","F","F","466","FA","@NEW Sun 3:30PM","2,500","7.62","3.81","99","113.2","87%","-3%"
"*076dr*","David Akintola","HUL","M,F","M","467","FA","MUN Sat 11:30AM","2,000","7.61","2.54","0","-","0%","0%"
"*066t3*","Jamie Donley","TOT","M,F","F","468","FA","@BRF Sat 4:30PM","2,500","7.59","3.8","0","-","0%","0%"
"*045c8*","Gabriel Jesus","ARS","F","F","469","FA","COV Fri 7:00PM","2,600","7.31","2.44","2","289.8","2%","-1%"
"*06mgk*","Jayden Meghoma","BRF","D","D","470","FA","TOT Sat 4:30PM","2,500","7.26","2.42","0","-","0%","0%"
"*072zp*","Melker Ellborg","SUN","G","G","471","FA","@IPS Sat 2:00PM","4,400","7.2","3.6","1","289.7","1%","0%"
"*06ya6*","Kota Takai","TOT","D","D","472","FA","@BRF Sat 4:30PM","2,500","7.07","3.53","0","-","0%","0%"
"*072mq*","Brian Madjo","AVL","F","F","473","FA","@BHA Sun 1:00PM","2,500","6.97","3.48","14","274.9","8%","+5%"
"*06804*","Benoit Badiashile","CHE","D","D","474","FA","@FUL Mon 7:00PM","2,600","6.91","3.46","1","291","1%","0%"
"*06y26*","Olivier Boscagli","BHA","D","D","475","FA","AVL Sun 1:00PM","2,600","6.89","2.3","4","288.1","4%","0%"
"*06yey*","Borna Sosa","CRY","D","D","476","FA","@EVE Sat 2:00PM","2,500","6.76","3.38","0","-","1%","0%"
"*06kyv*","Kosta Nedeljkovic","AVL","D","D","477","FA","@BHA Sun 1:00PM","2,000","6.72","3.36","0","-","0%","0%"
"*06eka*","Igor Julio","BHA","D","D","478","FA","AVL Sun 1:00PM","2,600","6.61","3.3","0","-","1%","-1%"
"*062x7*","Rico Lewis","MCI","D","D","479","FA","BOU Sun 1:00PM","2,600","6.46","3.23","1","290.2","3%","-1%"
"*06rmv*","Jeremy Monga","MCI","M,F","M","480","FA","BOU Sun 1:00PM","2,000","6.23","3.12","1","291.9","2%","-1%"
"*065ao*","Ethan Nwaneri","ARS","M","M","481","FA","COV Fri 7:00PM","2,600","6.22","3.11","0","-","3%","-1%"
"*04ge8*","Reiss Nelson","ARS","F","F","482","FA","COV Fri 7:00PM","2,600","6.18","3.09","0","-","1%","-1%"
"*05ojf*","Fabio Carvalho","BRF","M","M","483","FA","TOT Sat 4:30PM","2,500","6.11","3.06","0","-","1%","0%"
"*06hzf*","Mark O'Mahony","BHA","F","F","484","FA","AVL Sun 1:00PM","2,000","6.01","2","0","-","0%","0%"
"*02lkt*","Ali Al-Hamadi","IPS","F","F","485","FA","SUN Sat 2:00PM","2,000","5.99","3","0","-","0%","0%"
"*02oo1*","Ben Davies","TOT","D","D","486","FA","@BRF Sat 4:30PM","2,600","5.98","2.99","0","-","1%","-1%"
"*04rzl*","Taiwo Awoniyi","NOT","F","F","487","FA","LEE Sat 2:00PM","2,600","5.96","2.98","1","290.9","2%","-1%"
"*03m5h*","Kieran Dowell","HUL","M","M","488","FA","MUN Sat 11:30AM","2,000","5.91","2.96","0","-","0%","0%"
"*06uzv*","Dario Essugo","CHE","M","M","489","FA","@FUL Mon 7:00PM","2,500","5.78","2.89","0","-","1%","-1%"
"*06crn*","Toby Collyer","MUN","M","M","490","FA","@HUL Sat 11:30AM","2,500","5.62","2.81","0","-","1%","-1%"
"*05yct*","Nathan Patterson","EVE","D","D","491","FA","CRY Sat 2:00PM","2,600","5.57","2.79","0","-","1%","-1%"
"*06xzd*","Charalampos Kostoulas","BHA","F","F","492","FA","AVL Sun 1:00PM","2,600","5.49","5.49","28","257.9","12%","0%"
"*068a1*","Mykhailo Mudryk","CHE","M","M","493","FA","@FUL Mon 7:00PM","2,600","5.27","2.64","16","274.2","7%","+4%"
"*051kg*","Max Aarons","BOU","D","D","494","FA","@MCI Sun 1:00PM","2,000","5.22","2.61","0","-","0%","0%"
"*03sbh*","Enes Unal","BOU","F","F","495","FA","@MCI Sun 1:00PM","2,600","5.18","2.59","0","-","1%","0%"
"*06l4i*","Tyrique George","EVE","F","F","496","FA","CRY Sat 2:00PM","2,500","5.16","2.58","10","280.2","6%","+1%"
"*067z4*","David Datro Fofana","CHE","F","F","497","FA","@FUL Mon 7:00PM","2,500","4.99","2.5","0","-","0%","0%"
"*06xzc*","Stefanos Tzimas","BHA","F","F","498","FA","AVL Sun 1:00PM","2,500","4.97","4.97","2","290.8","4%","-1%"
"*06y4g*","Antoni Milambo","BRF","M","M","499","FA","TOT Sat 4:30PM","2,500","4.78","2.39","0","-","1%","-1%"
"*05uhs*","James Mcatee","NOT","M","M","500","FA","LEE Sat 2:00PM","2,600","4.77","4.77","2","290.2","3%","-2%"
"*06kyw*","Claudio Echeverri","MCI","M","M","501","FA","BOU Sun 1:00PM","2,500","4.68","2.34","0","-","1%","-1%"
"*0414o*","James Maddison","TOT","M","M","502","FA","@BRF Sat 4:30PM","2,600","4.66","2.33","100","77.9","96%","-1%"
"*06lox*","Mikey Moore","TOT","F","F","503","FA","@BRF Sat 4:30PM","2,500","4.66","2.33","0","-","2%","-2%"
"*06phw*","Federico Chiesa","LIV","F","F","504","FA","@NEW Sun 3:30PM","2,600","4.65","4.65","1","292.1","3%","-1%"
"*06xzp*","Luis Semedo","SUN","F","F","505","FA","@IPS Sat 2:00PM","2,500","4.62","2.31","0","-","0%","0%"
"*072o9*","Jocelin Ta Bi","SUN","M,F","M","506","FA","@IPS Sat 2:00PM","2,500","4.39","4.39","0","-","0%","0%"
"*06zef*","Adam Aznou","EVE","D","D","507","FA","CRY Sat 2:00PM","2,500","4.35","4.35","0","-","1%","-1%"
"*06zbp*","Max Dowman","ARS","M","M","508","FA","COV Fri 7:00PM","2,500","4.23","4.23","21","270.6","12%","0%"
"*072pc*","Alex Toth","BOU","M","M","509","FA","@MCI Sun 1:00PM","2,500","4.19","4.19","0","-","1%","-1%"
"*06p4l*","Julian Araujo","BOU","D","D","510","FA","@MCI Sun 1:00PM","2,500","4.07","4.07","0","-","0%","0%"
"*06kwp*","Josh Acheampong","CHE","D","D","511","FA","@FUL Mon 7:00PM","2,600","4.02","4.02","1","289.7","2%","-1%"
"*0784j*","Raphael Borges Rodrigues","COV","F","F","512","FA","@ARS Fri 7:00PM","2,000","4","4","0","-","0%","0%"
"*04xjr*","Harvey Elliott","LIV","M","M","513","FA","@NEW Sun 3:30PM","2,600","3.93","3.93","0","-","3%","-1%"
"*076d1*","Miguel Angel Brau","COV","D","D","514","FA","@ARS Fri 7:00PM","2,000","3.92","3.92","0","-","0%","0%"
"*02ltw*","Fraser Forster","BOU","G","G","515","FA","@MCI Sun 1:00PM","2,500","3.9","3.9","0","-","0%","0%"
"*076dl*","Eliot Matazo","HUL","M","M","516","FA","MUN Sat 11:30AM","2,000","3.84","3.84","0","-","0%","0%"
"*0701y*","Giovanni Leoni","LIV","D","D","517","FA","@NEW Sun 3:30PM","2,500","3.61","3.61","1","291.3","3%","-1%"
"*03ysd*","Sam Byram","LEE","D","D","518","FA","@NOT Sat 2:00PM","2,500","3.53","3.53","0","-","0%","-1%"
"*06fso*","Wataru Endo","LIV","M","M","519","FA","@NEW Sun 3:30PM","2,500","3.37","3.37","0","-","1%","-1%"
"*06mul*","Jack Fletcher","MUN","M","M","520","FA","@HUL Sat 11:30AM","2,500","3.07","3.07","0","-","1%","-1%"
"*072py*","Souza","TOT","D","D","521","FA","@BRF Sat 4:30PM","2,500","2.89","2.89","0","-","1%","0%"
"*06exa*","Matheus Franca","CRY","F","F","522","FA","@EVE Sat 2:00PM","2,500","2.82","2.82","0","-","1%","0%"
"*06xzn*","Abdoullah Ba","SUN","M","M","523","FA","@IPS Sat 2:00PM","2,500","2.77","2.77","0","-","0%","0%"
"*037mt*","Harrison Reed","FUL","M","M","524","FA","CHE Mon 7:00PM","2,500","2.47","2.47","0","-","1%","-1%"
"*06442*","Zach Abbott","NOT","D","D","525","FA","LEE Sat 2:00PM","2,600","2.45","2.45","0","-","1%","-1%"
"*05uhr*","Finley Burns","MCI","D","D","526","FA","BOU Sun 1:00PM","2,000","2.18","2.18","0","-","0%","0%"
"*05ogg*","Ajibola Alese","SUN","D","D","527","FA","@IPS Sat 2:00PM","2,500","2.09","1.05","0","-","0%","0%"
"*06mnm*","Marc Guiu","CHE","F","F","528","FA","@FUL Mon 7:00PM","2,500","2.03","2.03","1","290.5","1%","-1%"
"*076de*","Dillon Phillips","HUL","G","G","529","FA","MUN Sat 11:30AM","2,000","1.96","0","0","-","0%","0%"
"*05nip*","Dane Scarlett","TOT","F","F","530","FA","@BRF Sat 4:30PM","2,500","1.87","1.87","0","-","0%","0%"
"*04rha*","Jason Steele","BHA","G","G","531","FA","AVL Sun 1:00PM","2,600","1.52","1.52","0","-","1%","0%"
"*06qwh*","Ben Winterburn","BOU","M","M","532","FA","@MCI Sun 1:00PM","2,500","1.5","1.5","0","-","0%","0%"
"*06mg4*","Cameron Humphreys","IPS","M","M","533","FA","SUN Sat 2:00PM","2,000","1.37","0","0","-","0%","0%"
"*06jfe*","Hakon Valdimarsson","BRF","G","G","534","FA","TOT Sat 4:30PM","2,600","1.34","0","0","-","1%","0%"
"*06xze*","Walter Benitez","CRY","G","G","535","FA","@EVE Sat 2:00PM","6,400","1.28","0","0","-","1%","-1%"
"*06r7l*","Bradley Burrowes","AVL","M","M","536","FA","@BHA Sun 1:00PM","2,500","1.23","1.23","0","-","0%","0%"
"*070hr*","Jonah Kusi-Asare","FUL","F","F","537","FA","CHE Mon 7:00PM","2,500","1.22","0","1","290.4","1%","-1%"
"*033l8*","Simon Moore","SUN","G","G","538","FA","@IPS Sat 2:00PM","2,500","1.1","0","0","-","0%","0%"
"*06v0c*","Shea Lacey","MUN","F","F","539","FA","@HUL Sat 11:30AM","2,500","1.08","0","1","290.8","3%","-1%"
"*04gyd*","Brandon Austin","TOT","G","G","540","FA","@BRF Sat 4:30PM","2,500","0.98","0","0","-","0%","0%"
"*048xg*","Josh Dasilva","BRF","M","M","541","FA","TOT Sat 4:30PM","2,500","0.93","0","0","-","0%","0%"
"*061z5*","Calvin Ramsay","LIV","D","D","542","FA","@NEW Sun 3:30PM","2,500","0.93","0","0","-","0%","0%"
"*02lzt*","Keith Andrews","COV","M","M","543","FA","@ARS Fri 7:00PM","2,000","0.86","0","0","-","0%","0%"
"*06r7f*","Julio Soler","BOU","D","D","544","FA","@MCI Sun 1:00PM","2,500","0.65","0","0","-","0%","0%"
"*06dpw*","Kim Ji-Soo","BRF","D","D","545","FA","TOT Sat 4:30PM","2,000","0.53","0","0","-","0%","0%"
"*06zvn*","George Hemmings","AVL","M","M","546","FA","@BHA Sun 1:00PM","2,500","0.52","0","0","-","0%","0%"
"*066rn*","Daniel Gore","MUN","M","M","547","FA","@HUL Sat 11:30AM","2,000","0.47","0","0","-","0%","0%"
"*072h9*","Joel Drakes-Thomas","CRY","F","F","548","FA","@EVE Sat 2:00PM","2,500","0.46","0","0","-","1%","0%"
"*06dpv*","Omari Kellyman","CHE","M","M","549","FA","@FUL Mon 7:00PM","2,500","0.44","0","0","-","0%","0%"
"*06l4c*","Ethan Wheatley","MUN","F","F","550","FA","@HUL Sat 11:30AM","2,500","0.28","0","0","-","0%","0%"
"*06v0a*","Tyler Fletcher","MUN","M","M","551","FA","@HUL Sat 11:30AM","2,500","0.24","0","0","-","1%","0%"
"*052ce*","Vitezslav Jaros","LIV","G","G","552","FA","@NEW Sun 3:30PM","2,000","0.18","0","0","-","0%","0%"
"*06rnn*","Sean Neave","NEW","F","F","553","FA","LIV Sun 3:30PM","2,500","0.18","0","0","-","0%","-1%"
"*06v00*","Sam Chambers","LEE","M","M","554","FA","@NOT Sat 2:00PM","2,500","0.12","0","0","-","0%","0%"
"*06hze*","Treymaurice Nyoni","LIV","M","M","555","FA","@NEW Sun 3:30PM","2,500","0.1","0","0","-","2%","0%"
"*078gf*","Theo Mawene","BRF","F","F","556","FA","TOT Sat 4:30PM","2,000","0.06","0","0","-","0%","-"
"*0784k*","Aidan Dausch","COV","F","F","557","FA","@ARS Fri 7:00PM","2,000","0.04","0","0","-","0%","0%"
"*072mp*","Kaye Furo","BRF","F","F","558","FA","TOT Sat 4:30PM","2,500","0.02","0","0","-","1%","-1%"
"*06cmt*","Tom King","EVE","G","G","559","FA","CRY Sat 2:00PM","2,600","0.02","0","1","291","0%","0%"
"*06r3w*","Remy Rees-Dottin","BOU","F","F","560","FA","@MCI Sun 1:00PM","2,500","0.02","0","0","-","1%","-1%"
"*07851*","Joshua Abe","LIV","F","F","561","FA","@NEW Sun 3:30PM","2,000","0","0","1","289.1","1%","+1%"
"*05ymb*","Tayo Adaramola","CRY","D","D","562","FA","@EVE Sat 2:00PM","2,500","0","0","0","-","0%","0%"
"*0786a*","Demiane Agustien","ARS","M","M","563","FA","COV Fri 7:00PM","2,000","0","0","0","-","0%","0%"
"*06q2h*","Damola Ajayi","TOT","F","F","564","FA","@BRF Sat 4:30PM","2,000","0","0","0","-","0%","0%"
"*06v08*","Daniel Armer","MUN","D","D","565","FA","@HUL Sat 11:30AM","2,000","0","0","0","-","0%","0%"
"*078fx*","Owen Asemota","AVL","G","G","566","FA","@BHA Sun 1:00PM","2,000","0","0","0","-","0%","-"
"*078gc*","Caelan Avenell","BRF","D","D","567","FA","TOT Sat 4:30PM","2,000","0","0","0","-","0%","-"
"*05u40*","Ellery Balcombe","BRF","G","G","568","FA","TOT Sat 4:30PM","2,500","0","0","0","-","0%","0%"
"*06zod*","Dean Benamar","CRY","D","D","569","FA","@EVE Sat 2:00PM","2,500","0","0","0","-","0%","0%"
"*0784l*","Lucca Benetton","CRY","G","G","570","FA","@EVE Sat 2:00PM","2,000","0","0","1","290.7","0%","0%"
"*072zo*","Luka Bentt","BRF","M","M","571","FA","TOT Sat 4:30PM","2,500","0","0","0","-","0%","0%"
"*02ls8*","Marcus Bettinelli","MCI","G","G","572","FA","BOU Sun 1:00PM","2,500","0","0","0","-","1%","0%"
"*06ewm*","Alex Borto","FUL","G","G","573","FA","CHE Mon 7:00PM","2,000","0","0","0","-","0%","-"
"*06pry*","Kaden Braithwaite","MCI","D","D","574","FA","BOU Sun 1:00PM","2,500","0","0","0","-","1%","-1%"
"*0784h*","Harvey Broad","COV","D","D","575","FA","@ARS Fri 7:00PM","2,000","0","0","0","-","0%","0%"
"*02t13*","David Button","IPS","G","G","576","FA","SUN Sat 2:00PM","2,000","0","0","2","289.9","1%","0%"
"*0785p*","Harry Byrne","TOT","M","M","577","FA","@BRF Sat 4:30PM","2,000","0","0","0","-","0%","0%"
"*06uzw*","Alex Cairns","LEE","G","G","578","FA","@NOT Sat 2:00PM","2,500","0","0","0","-","0%","-1%"
"*078hj*","Max-Edgar Chabot","MCI","G","G","579","FA","BOU Sun 1:00PM","2,000","0","0","0","-","0%","-"
"*06yxd*","Rhys Chadwick","LEE","M","M","580","FA","@NOT Sat 2:00PM","2,500","0","0","0","-","1%","-1%"
"*06mgh*","Dylan Charlton","NEW","D","D","581","FA","LIV Sun 3:30PM","2,000","0","0","0","-","0%","0%"
"*078le*","Pep Chavarria","CHE","D","D","582","FA","@FUL Mon 7:00PM","2,000","0","0","25","255.4","3%","-"
"*07847*","Modou Cisse","AVL","D,M","M","583","FA","@BHA Sun 1:00PM","2,000","0","0","0","-","0%","0%"
"*076kd*","Costinha","BHA","D","D","634","FA","AVL Sun 1:00PM","2,000","0","0","0","-","1%","-1%"
"*07857*","Luke Craggs","NEW","D","D","584","FA","LIV Sun 3:30PM","2,000","0","0","0","-","0%","0%"
"*075zi*","Alfie Cresswell","LEE","M","M","585","FA","@NOT Sat 2:00PM","2,000","0","0","0","-","0%","0%"
"*06jb3*","Ted Curd","CHE","G","G","586","FA","@FUL Mon 7:00PM","2,500","0","0","4","287","1%","-1%"
"*06mnd*","Eric da Silva Moreira","NOT","F","F","707","FA","LEE Sat 2:00PM","2,500","0","0","0","-","0%","0%"
"*05rfp*","Harvey Davies","LIV","G","G","587","FA","@NEW Sun 3:30PM","2,500","0","0","0","-","1%","-1%"
"*06ewn*","Luc De Fougerolles","FUL","D","D","588","FA","CHE Mon 7:00PM","2,000","0","0","0","-","0%","-"
"*056as*","William Dennis","BOU","G","G","589","FA","@MCI Sun 1:00PM","2,500","0","0","0","-","0%","0%"
"*0784u*","Enis Destan","HUL","F","F","590","FA","MUN Sat 11:30AM","2,000","0","0","0","-","0%","0%"
"*07854*","Jacob Devaney","MUN","M","M","591","FA","@HUL Sat 11:30AM","2,000","0","0","0","-","0%","0%"
"*0784d*","Calvin Diakite","CHE","D","D","592","FA","@FUL Mon 7:00PM","2,000","0","0","1","289.3","0%","0%"
"*0785m*","Charlie Dinsdale","SUN","M","M","593","FA","@IPS Sat 2:00PM","2,000","0","0","0","-","0%","0%"
"*078j4*","Ousmane Diomande","NOT","D","D","594","FA","LEE Sat 2:00PM","2,000","0","0","38","233.6","6%","-"
"*06shp*","Landon Emenalo","CHE","D,M","D","595","FA","@FUL Mon 7:00PM","2,500","0","0","1","292.2","0%","-1%"
"*0785f*","Matheos Ferreira","NEW","F","F","596","FA","LIV Sun 3:30PM","2,000","0","0","0","-","0%","0%"
"*0785b*","Rory Finneran","NEW","M","M","597","FA","LIV Sun 3:30PM","2,000","0","0","0","-","0%","0%"
"*073ab*","Floyd Samba","MCI","M","M","669","FA","BOU Sun 1:00PM","2,500","0","0","0","-","1%","-1%"
"*078lg*","Harvey Foster","EVE","M","M","598","FA","CRY Sat 2:00PM","2,000","0","0","0","-","0%","-"
"*06igq*","Benjamin Fredrick","BRF","D","D","599","FA","TOT Sat 4:30PM","2,000","0","0","0","-","0%","0%"
"*07856*","Joseph Gabriel","MUN","F","F","600","FA","@HUL Sat 11:30AM","2,000","0","0","3","287.8","1%","0%"
"*076kf*","Geovany Quenda","CHE","M","M","686","FA","@FUL Mon 7:00PM","2,000","0","0","45","236.1","23%","-7%"
"*073vo*","Finn Geragusyan","SUN","F","F","601","FA","@IPS Sat 2:00PM","2,500","0","0","0","-","0%","0%"
"*05n09*","Mark Gillespie","NEW","G","G","602","FA","LIV Sun 3:30PM","2,500","0","0","0","-","0%","0%"
"*072iu*","Braiden Graham","EVE","F","F","603","FA","CRY Sat 2:00PM","2,500","0","0","0","-","0%","0%"
"*078gd*","Andre Grey","BRF","M","M","604","FA","TOT Sat 4:30PM","2,000","0","0","0","-","0%","-"
"*06qvv*","Malachi Hardy","TOT","D","D","607","FA","@BRF Sat 4:30PM","2,500","0","0","0","-","0%","0%"
"*06h1g*","Aidan Harris","NEW","G","G","608","FA","LIV Sun 3:30PM","2,500","0","0","1","291.1","1%","0%"
"*078gh*","Fred Heath","MUN","G","G","609","FA","@HUL Sat 11:30AM","2,000","0","0","0","-","0%","-"
"*03dwz*","Tom Heaton","MUN","G","G","610","FA","@HUL Sat 11:30AM","2,500","0","0","1","289.2","1%","-1%"
"*0785x*","Matty Henderson-Hall","MCI","D","D","611","FA","BOU Sun 1:00PM","2,000","0","0","0","-","0%","0%"
"*078ml*","Lucas Herrington","HUL","D","D","612","FA","MUN Sat 11:30AM","2,000","0","0","0","-","0%","-"
"*078fz*","Jens Hjerto-Dahl","HUL","M","M","613","FA","MUN Sat 11:30AM","2,000","0","0","2","290.1","1%","-"
"*078lh*","Solomon Honor","MUN","G","G","614","FA","@HUL Sat 11:30AM","2,000","0","0","0","-","0%","-"
"*072x7*","Ife Ibrahim","ARS","M","M","615","FA","COV Fri 7:00PM","2,500","0","0","0","-","0%","0%"
"*076ki*","Ewen Jaouen","NEW","G","G","616","FA","LIV Sun 3:30PM","2,000","0","0","0","-","1%","-1%"
"*070ep*","Jaydon Jones","SUN","M","M","619","FA","@IPS Sat 2:00PM","2,500","0","0","0","-","0%","0%"
"*06nva*","Mofe Jemide","CRY","D","D","617","FA","@EVE Sat 2:00PM","2,500","0","0","0","-","0%","0%"
"*070eo*","Jenson Jones","SUN","D,M","M","620","FA","@IPS Sat 2:00PM","2,500","0","0","0","-","0%","0%"
"*078gi*","Henry Johnson","NEW","D","D","618","FA","LIV Sun 3:30PM","2,000","0","0","0","-","0%","-"
"*0786b*","Theo Julienne","ARS","M","M","621","FA","COV Fri 7:00PM","2,000","0","0","1","290.6","0%","0%"
"*06pms*","Ismeal Kabia","ARS","F","F","622","FA","COV Fri 7:00PM","2,500","0","0","0","-","0%","0%"
"*06s7v*","Jaydan Kamason","MUN","D","D","623","FA","@HUL Sat 11:30AM","2,000","0","0","0","-","0%","0%"
"*07855*","Enzo Kana Biyik","MUN","F","F","624","FA","@HUL Sat 11:30AM","2,000","0","0","0","-","0%","0%"
"*072b6*","Ryan Kavuma-McQueen","CHE","F","F","625","FA","@FUL Mon 7:00PM","2,500","0","0","2","290.4","1%","-1%"
"*0785i*","Ben Kindon","SUN","D","D","626","FA","@IPS Sat 2:00PM","2,000","0","0","0","-","0%","0%"
"*06ygl*","George King","CRY","D","D","627","FA","@EVE Sat 2:00PM","2,500","0","0","0","-","0%","0%"
"*06mgn*","Rio Kyerematen","TOT","M","M","628","FA","@BRF Sat 4:30PM","2,500","0","0","0","-","0%","0%"
"*0788c*","Freddie Lane","LEE","M","M","629","FA","@NOT Sat 2:00PM","2,000","0","0","0","-","0%","0%"
"*06yb8*","Diego Leon","MUN","D","D","630","FA","@HUL Sat 11:30AM","2,500","0","0","0","-","1%","-1%"
"*075sh*","Jayden Lienou","LEE","D","D","631","FA","@NOT Sat 2:00PM","2,000","0","0","0","-","0%","0%"
"*0785k*","Archie Lightfoot","SUN","M","M","632","FA","@IPS Sat 2:00PM","2,000","0","0","0","-","0%","0%"
"*0784q*","Thimothee Lo-Tutala","HUL","G","G","633","FA","MUN Sat 11:30AM","2,000","0","0","1","288.6","0%","0%"
"*078fy*","Luka Lynch","AVL","F","F","635","FA","@BHA Sun 1:00PM","2,000","0","0","0","-","0%","-"
"*06yxc*","Rory Mahady","LEE","G","G","636","FA","@NOT Sat 2:00PM","2,500","0","0","1","289","1%","+1%"
"*05ubh*","Remi Matthews","CRY","G","G","637","FA","@EVE Sat 2:00PM","2,500","0","0","0","-","0%","0%"
"*0722t*","Ryan McAidoo","MCI","F","F","638","FA","BOU Sun 1:00PM","2,500","0","0","0","-","1%","0%"
"*06do3*","James McConnell","LIV","M","M","639","FA","@NEW Sun 3:30PM","2,000","0","0","0","-","0%","0%"
"*05rbn*","Thomas McGill","BHA","G","G","640","FA","AVL Sun 1:00PM","2,500","0","0","0","-","0%","0%"
"*06ews*","Dermot Mee","MUN","G","G","641","FA","@HUL Sat 11:30AM","2,500","0","0","1","290.6","1%","-1%"
"*0785q*","Mason Melia","TOT","F","F","642","FA","@BRF Sat 4:30PM","2,000","0","0","0","-","0%","0%"
"*078mm*","Nobel Mendy","HUL","D","D","643","FA","MUN Sat 11:30AM","2,000","0","0","0","-","0%","-"
"*078gg*","Jesse Middleton","BHA","M","M","644","FA","AVL Sun 1:00PM","2,000","0","0","0","-","0%","-"
"*0785c*","Mason Miley","NEW","M","M","645","FA","LIV Sun 3:30PM","2,000","0","0","1","290.4","0%","0%"
"*0788b*","Callum Mills","LEE","M","M","646","FA","@NOT Sat 2:00PM","2,000","0","0","0","-","0%","0%"
"*0784r*","Hidemasa Morita","HUL","M","M","647","FA","MUN Sat 11:30AM","2,000","0","0","0","-","1%","0%"
"*06rkq*","Kieran Morrison","LIV","M","M","648","FA","@NEW Sun 3:30PM","2,500","0","0","0","-","1%","-1%"
"*06on6*","Anthony Munda","NEW","M","M","649","FA","LIV Sun 3:30PM","2,500","0","0","0","-","0%","0%"
"*078g0*","Natalia Ramos","LIV","D","D","664","FA","@NEW Sun 3:30PM","2,000","0","0","0","-","0%","-"
"*07850*","Ifeanyi Ndukwe","LIV","D","D","651","FA","@NEW Sun 3:30PM","2,000","0","0","0","-","0%","0%"
"*0784f*","Mahdi Nicoll-Jazuli","CHE","M","M","652","FA","@FUL Mon 7:00PM","2,000","0","0","0","-","0%","0%"
"*07869*","Josh Ogunnaike","ARS","D","D","653","FA","COV Fri 7:00PM","2,000","0","0","0","-","0%","0%"
"*06v0w*","Trey Ogunsuyi","SUN","F","F","654","FA","@IPS Sat 2:00PM","2,500","0","0","0","-","0%","0%"
"*0788a*","Darryl Ombang","LEE","G","G","655","FA","@NOT Sat 2:00PM","2,000","0","0","1","290.1","0%","0%"
"*073ac*","Ceadach O'Neill","ARS","F","F","656","FA","COV Fri 7:00PM","2,500","0","0","0","-","0%","0%"
"*06zc0*","Park Seung-Soo","NEW","F","F","657","FA","LIV Sun 3:30PM","2,500","0","0","0","-","1%","-1%"
"*07868*","Xavier Parker","MCI","M","M","658","FA","BOU Sun 1:00PM","2,000","0","0","0","-","0%","0%"
"*078lf*","George Pickford","EVE","G","G","659","FA","CRY Sat 2:00PM","2,000","0","0","0","-","0%","-"
"*0788e*","Ollie Pickles","LEE","M","M","660","FA","@NOT Sat 2:00PM","2,000","0","0","0","-","0%","0%"
"*078ge*","Luca Picotto","BRF","M","M","661","FA","TOT Sat 4:30PM","2,000","0","0","0","-","0%","-"
"*07858*","Miodrag Pivas","NEW","D","D","662","FA","LIV Sun 3:30PM","2,000","0","0","0","-","0%","0%"
"*0785l*","Tom Proctor","SUN","M","M","663","FA","@IPS Sat 2:00PM","2,000","0","0","0","-","0%","0%"
"*062op*","Omar Richards","NOT","D","D","665","FA","LEE Sat 2:00PM","2,500","0","0","0","-","0%","0%"
"*06prt*","Triston Rowe","AVL","D","D","666","FA","@BHA Sun 1:00PM","2,500","0","0","0","-","0%","-"
"*0785e*","Vakhtang Salia","NEW","F","F","667","FA","LIV Sun 3:30PM","2,000","0","0","0","-","0%","0%"
"*06zbn*","Marli Salmon","ARS","D","D","668","FA","COV Fri 7:00PM","2,500","0","0","0","-","1%","-1%"
"*0785y*","Mahamadou Sangare","MCI","F","F","670","FA","BOU Sun 1:00PM","2,000","0","0","0","-","0%","0%"
"*06nv6*","Trevan Sanusi","NEW","F","F","671","FA","LIV Sun 3:30PM","2,000","0","0","0","-","0%","0%"
"*0784g*","Dastan Satpaev","CHE","F","F","672","FA","@FUL Mon 7:00PM","2,000","0","0","1","290.6","1%","0%"
"*06do2*","Callum Scanlon","LIV","D","D","673","FA","@NEW Sun 3:30PM","2,000","0","0","1","289.4","2%","-3%"
"*076kc*","Jannik Schuster","BRF","D","D","674","FA","TOT Sat 4:30PM","2,000","0","0","5","286.6","1%","0%"
"*0785h*","Felix Scott","SUN","D","D","675","FA","@IPS Sat 2:00PM","2,000","0","0","0","-","0%","0%"
"*06nk0*","Tommy Setford","ARS","G","G","676","FA","COV Fri 7:00PM","2,500","0","0","0","-","0%","0%"
"*06on5*","Leo Shahar","NEW","D","D","677","FA","LIV Sun 3:30PM","2,500","0","0","0","-","0%","0%"
"*05xtr*","Teddy Sharman-Lowe","CHE","G","G","678","FA","@FUL Mon 7:00PM","2,500","0","0","1","290.5","0%","0%"
"*073b0*","Ollie Shield","BRF","D","D","679","FA","TOT Sat 4:30PM","2,500","0","0","0","-","0%","0%"
"*063c2*","Gabriel Slonina","CHE","G","G","680","FA","@FUL Mon 7:00PM","2,600","0","0","1","290.4","1%","-1%"
"*07852*","Joshua Sonni-Lambie","LIV","F","F","681","FA","@NEW Sun 3:30PM","2,000","0","0","0","-","0%","0%"
"*06zqi*","Joshua Stephenson","BRF","D","D","682","FA","TOT Sat 4:30PM","2,500","0","0","0","-","0%","0%"
"*0785a*","Sean Steur","NEW","M","M","683","FA","LIV Sun 3:30PM","2,000","0","0","12","279.3","3%","+2%"
"*078hi*","Elliot Stroud","HUL","M","M","684","FA","MUN Sat 11:30AM","2,000","0","0","0","-","0%","-"
"*0784c*","Olutayo Subuloye","CHE","D","D","685","FA","@FUL Mon 7:00PM","2,000","0","0","3","288","0%","0%"
"*075kd*","Talla Ndiaye","LIV","D","D","650","FA","@NEW Sun 3:30PM","2,000","0","0","0","-","0%","0%"
"*0785n*","Dylan Thompson","TOT","G","G","687","FA","@BRF Sat 4:30PM","2,000","0","0","0","-","0%","0%"
"*06zc8*","Tynan Thompson","MUN","F","F","688","FA","@HUL Sat 11:30AM","2,500","0","0","0","-","1%","+1%"
"*06v0b*","Jim Thwaites","MUN","M","M","689","FA","@HUL Sat 11:30AM","2,500","0","0","0","-","0%","0%"
"*0785o*","Tyler Tingey","TOT","D","D","690","FA","@BRF Sat 4:30PM","2,000","0","0","0","-","0%","0%"
"*07867*","Trialist","MCI","G","G","691","FA","BOU Sun 1:00PM","2,000","0","0","3","289.4","1%","-1%"
"*06v0x*","Tymur Tutierov","SUN","F","F","692","FA","@IPS Sat 2:00PM","2,500","0","0","0","-","0%","0%"
"*072x9*","Tye Hall","TOT","M","M","605","FA","@BRF Sat 4:30PM","2,500","0","0","0","-","0%","0%"
"*06lvm*","Tyrese Hall","TOT","M","M","606","FA","@BRF Sat 4:30PM","2,500","0","0","0","-","0%","0%"
"*05uox*","Christos Tzolis","ARS","F","F","693","FA","COV Fri 7:00PM","2,000","0","0","87","123.6","77%","+16%"
"*0784v*","Kayne van Oevelen","IPS","G","G","708","FA","SUN Sat 2:00PM","2,000","0","0","0","-","0%","0%"
"*0784m*","Charlie Walker-Smith","CRY","D","D","694","FA","@EVE Sat 2:00PM","2,000","0","0","0","-","0%","0%"
"*06rrq*","Reggie Walsh","CHE","M","M","695","FA","@FUL Mon 7:00PM","2,500","0","0","0","-","1%","-1%"
"*0784e*","Reggie Watson","CHE","M","M","696","FA","@FUL Mon 7:00PM","2,000","0","0","0","-","0%","0%"
"*070eq*","Jack Whittaker","SUN","M","M","697","FA","@IPS Sat 2:00PM","2,500","0","0","0","-","0%","0%"
"*062pa*","Joseph Whitworth","CRY","G","G","698","FA","@EVE Sat 2:00PM","2,500","0","0","1","289.3","0%","0%"
"*06muh*","Ethan Williams","MUN","M,F","M","699","FA","@HUL Sat 11:30AM","2,500","0","0","0","-","0%","0%"
"*06qq9*","Luca Williams-Barnett","TOT","M","M","700","FA","@BRF Sat 4:30PM","2,500","0","0","1","291.1","2%","-1%"
"*0785w*","Jack Wint","MCI","G","G","701","FA","BOU Sun 1:00PM","2,000","0","0","1","290.6","1%","0%"
"*06avm*","James Wright","AVL","G","G","702","FA","@BHA Sun 1:00PM","2,500","0","0","0","-","0%","-"
"*06zrt*","Will Wright","LIV","F","F","703","FA","@NEW Sun 3:30PM","2,500","0","0","1","290.9","1%","0%"
"*078g4*","Caleb Yirenkyi","COV","M","M","704","FA","@ARS Fri 7:00PM","2,000","0","0","11","276.8","3%","-"
"*076ke*","Zadok Yohanna","BHA","F","F","705","FA","AVL Sun 1:00PM","2,000","0","0","2","290.5","2%","-1%"
"*078g5*","Macauley Zepa","FUL","F","F","706","FA","CHE Mon 7:00PM","2,000","0","0","0","-","0%","-"
"*076cx*","Ben Wilson","COV","G","G","709","FA","@ARS Fri 7:00PM","2,000","-0.3","-0.3","0","-","2%","-2%"
