"*061vp*","209","Brenden Aaronson","LEE","M","2000"
"*06442*","370","Zach Abbott","NOT","D","2000"
"*06v0u*","371","Ahmed Abdullahi","SUN","F","2000"
"*06kwp*","187","Josh Acheampong","CHE","D","2000"
"*062h7*","106","Tyler Adams","BOU","M","4700"
"*03yeg*","109","Tosin Adarabioyo","CHE","D","5400"
"*0626q*","158","Simon Adingra","SUN","M","4300"
"*070ci*","211","Amine Adli","BOU","F","2000"
"*067y2*","372","Daniel Adu-Addei","BOU","F","2000"
"*06r7k*","207","Emmanuel Agbadou","WOL","D","3300"
"*06nvc*","373","Asher Agbinone","CRY","M","2000"
"*0620k*","297","Nayef Aguerd","WHU","D","2000"
"*06cly*","374","Enock Agyei","BUR","F","2000"
"*068ys*","375","Naouirou Ahamada","CRY","M","2000"
"*03frx*","100","Ola Aina","NOT","D","7100"
"*05os4*","113","Rayan Ait-Nouri","MCI","D","7800"
"*05uel*","357","Kristoffer Ajer","BRF","D","3900"
"*0649j*","376","Manuel Akanji","MCI","D","5800"
"*02y6o*","286","Nathan Ake","MCI","D","4900"
"*06r5r*","377","Matai Akinmboni","BOU","D","2000"
"*0687c*","248","Carlos Alcaraz","EVE","M","3100"
"*0700t*","84","Omar Alderete","SUN","D","2000"
"*060wh*","465","Alejandro Garnacho","CHE","M","6400"
"*06v0v*","378","Milan Aleksic","SUN","F","2000"
"*05ogg*","379","Ajibola Alese","SUN","D","2300"
"*0687b*","554","Alex Moreno","AVL","D","4200"
"*04sjt*","102","Alisson","LIV","G","8700"
"*06yxe*","135","Estevao Willian Almeida de Oliveira Goncalves","CHE","F","4200"
"*06f81*","380","Edson Alvarez","WHU","M","3900"
"*06l2r*","381","Harry Amass","MUN","D","2000"
"*06dn2*","382","Zeki Amdouni","BUR","F","2000"
"*04lav*","233","Ethan Ampadu","LEE","D","3300"
"*05os8*","103","Joachim Andersen","FUL","D","6000"
"*05opj*","22","Elliot Anderson","NOT","M","7300"
"*05uh0*","383","Joseph Anderson","SUN","D","2000"
"*06pic*","183","Andre","WOL","M","3300"
"*03jly*","486","Andreas Pereira","FUL","M","6400"
"*068a0*","288","Andrey Santos","CHE","M","2000"
"*05vyh*","552","Andy Moran","BHA","M","2000"
"*06r5m*","384","Aaron Anselmino","CHE","D","2000"
"*061vk*","25","Jaidon Anthony","BUR","F","2000"
"*0649i*","675","Antony","MUN","M","2400"
"*06p4l*","385","Julian Araujo","BOU","D","2000"
"*05oef*","386","Alphonse Areola","WHU","G","6200"
"*06zce*","234","Jhon Arias","WOL","M","5700"
"*06onv*","362","Harrison Armstrong","EVE","M","2000"
"*070hd*","387","Tolu Arokodare","WOL","F","2000"
"*06kwh*","389","Benjamin Arthur","BRF","D","2000"
"*05ogh*","390","Harrison Ashby","NEW","D","2000"
"*04gyd*","391","Brandon Austin","TOT","G","2000"
"*04rzl*","392","Taiwo Awoniyi","NOT","F","2800"
"*068yc*","175","Yasin Ayari","BHA","M","3500"
"*06zef*","393","Adam Aznou","EVE","D","2000"
"*06xzn*","394","Abdoullah Ba","SUN","M","2000"
"*06804*","395","Benoit Badiashile","CHE","D","2800"
"*05uns*","396","Leon Bailey","AVL","M","5100"
"*06zxz*","397","Scott Bailey","NEW","M","2000"
"*062p0*","398","Stefan Bajcetic","LIV","M","2000"
"*070hn*","399","Dilane Bakwa","NOT","F","2000"
"*05u40*","400","Ellery Balcombe","BRF","G","2000"
"*06fwi*","206","Carlos Baleba","BHA","M","5500"
"*05nns*","47","Danny Ballard","SUN","D","2900"
"*03ek4*","401","Patrick Bamford","LEE","F","2000"
"*06uzr*","402","Jaydon Banel","BUR","F","2000"
"*02lpf*","403","Ross Barkley","AVL","M","4700"
"*03dxr*","404","Ashley Barnes","BUR","F","2000"
"*04abn*","178","Harvey Barnes","NEW","M","6700"
"*06ybp*","271","Thierno Barry","EVE","F","5300"
"*0554g*","205","Calvin Bassey","FUL","D","5200"
"*06fx0*","298","Altay Bayindir","MUN","G","2000"
"*06fxv*","278","Jean-Ricner Bellegarde","WOL","M","5000"
"*06zod*","405","Dean Benamar","CRY","D","2000"
"*06xze*","407","Walter Benitez","CRY","G","2000"
"*05ylw*","165","Rodrigo Bentancur","TOT","M","4200"
"*02lo6*","406","Daniel Bentley","WOL","G","5800"
"*05gcs*","237","Sander Berge","FUL","M","4600"
"*06mn7*","203","Lucas Bergvall","TOT","M","2400"
"*04fk6*","169","Bernardo Silva","MCI","M","8500"
"*0700s*","408","Adam Berry","NOT","M","2000"
"*06fvn*","119","Beto","EVE","F","4300"
"*02ls8*","409","Marcus Bettinelli","MCI","G","2000"
"*0643r*","410","Owen Bevan","BOU","D","2000"
"*06clx*","411","Jordan Beyer","BUR","D","2000"
"*06v51*","412","Jaka Bijol","LEE","D","3500"
"*04f67*","413","Philip Billing","BOU","M","2700"
"*04sft*","414","Yves Bissouma","TOT","M","3500"
"*06ymt*","222","Marco Bizot","AVL","G","2000"
"*05ye7*","60","Oscar Bobb","MCI","M","2000"
"*05r4h*","348","Lamare Bogarde","AVL","D","2000"
"*05o8o*","65","Jayden Bogle","LEE","D","2000"
"*04qr0*","415","Willy Boly","NOT","D","2600"
"*06y28*","416","Sebastiaan Bornauw","LEE","D","2000"
"*06y26*","417","Olivier Boscagli","BHA","D","2900"
"*062a9*","216","Sven Botman","NEW","D","3600"
"*046c5*","59","Jarrod Bowen","WHU","F","11000"
"*06cm7*","418","Josh Bowler","NOT","M","2600"
"*05uhj*","356","Conor Bradley","LIV","D","4500"
"*05l27*","419","Jarrad Branthwaite","EVE","D","6600"
"*070hc*","420","Brian Brobbey","SUN","F","2000"
"*05gvx*","421","Armando Broja","BUR","F","2000"
"*04rh9*","64","David Brooks","BOU","M","3000"
"*06v0k*","422","Alan Browne","SUN","M","2000"
"*06zoe*","423","Luke Browne","CRY","D","2000"
"*05gcr*","41","Bruno Fernandes","MUN","M","11600"
"*05ylj*","67","Bruno Guimaraes","NEW","M","10800"
"*06dwm*","160","Jacob Bruun Larsen","BUR","F","2000"
"*051kl*","215","Emiliano Buendia","AVL","M","2000"
"*05raa*","213","Hugo Bueno","WOL","D","2000"
"*06fwx*","225","Santiago Bueno","WOL","D","3300"
"*067yu*","424","Facundo Buonanotte","CHE","M","5200"
"*02lsa*","31","Dan Burn","NEW","D","7300"
"*06r7l*","344","Bradley Burrowes","AVL","M","2000"
"*06zc3*","425","Junai Byfield","TOT","D","2000"
"*03ysd*","359","Sam Byram","LEE","D","2000"
"*05rb8*","26","Moises Caicedo","CHE","M","8400"
"*0328q*","351","Tom Cairney","FUL","M","3800"
"*06uzw*","426","Alex Cairns","LEE","G","2000"
"*06nu7*","5","Riccardo Calafiori","ARS","D","2400"
"*049tq*","346","Dominic Calvert-Lewin","LEE","F","2000"
"*06idv*","427","Elijah Campbell","EVE","D","2000"
"*070hb*","428","Jaydee Canvot","CRY","D","2000"
"*06zbt*","429","Rio Cardines","CRY","M","2000"
"*06mx2*","673","Carlos Miguel","NOT","G","2000"
"*0642l*","105","Casemiro","MUN","M","5800"
"*05o4b*","72","Matty Cash","AVL","D","5700"
"*05o4c*","261","Timothy Castagne","FUL","D","5400"
"*04mup*","3","Trevoh Chalobah","CHE","D","5800"
"*06v00*","432","Sam Chambers","LEE","M","2000"
"*06v07*","199","Rayan Cherki","MCI","M","7900"
"*06phw*","198","Federico Chiesa","LIV","F","2000"
"*06ib6*","433","Tawanda Chirewa","WOL","M,F","2000"
"*061ve*","244","Ryan Christie","BOU","M","7100"
"*070hk*","434","Samuel Chukwueze","FUL","F","2000"
"*05g4d*","435","Dennis Cirkin","SUN","D","2500"
"*02t1k*","350","Nathaniel Clyne","CRY","D","2500"
"*02lpl*","363","Seamus Coleman","EVE","D","2000"
"*05u1m*","78","Nathan Collins","BRF","D","7700"
"*062p5*","436","Levi Colwill","CHE","D","7100"
"*043qy*","437","Lewis Cook","BOU","M","6800"
"*06uyd*","364","Diego Coppola","BHA","D","4700"
"*05w90*","438","Maxwel Cornet","WHU","F","2000"
"*05xtq*","439","Matthew Cox","BRF","G","2000"
"*05w9i*","8","Marc Cucurella","CHE","D","7100"
"*06nyw*","309","Jorge Cuenca","FUL","D","2000"
"*03hff*","48","Josh Cullen","BUR","M","2000"
"*063q8*","173","Mikkel Damsgaard","BRF","M","8000"
"*057cr*","352","Kevin Danso","TOT","D","2000"
"*06uzv*","431","Dario Essugo","CHE","M","2000"
"*03pif*","440","Karl Darlow","LEE","G","2000"
"*06zrr*","441","Josh Davidson","LIV","D","2000"
"*02oo1*","442","Ben Davies","TOT","D","4100"
"*06y9m*","161","Maxim De Cuyper","BHA","D","5100"
"*05oig*","302","Liam Delap","CHE","F","4100"
"*06fuh*","443","Hannes Delcroix","BUR","D","2000"
"*04u6i*","444","Leander Dendoncker","AVL","M","2000"
"*05tz8*","445","Emmanuel Dennis","NOT","F","2000"
"*056as*","446","William Dennis","BOU","G","2000"
"*063y7*","316","Destiny Udogie","TOT","D","5100"
"*06kx1*","259","Justin Devenny","CRY","M","2000"
"*05gcc*","55","Kiernan Dewsbury-Hall","EVE","M","2000"
"*0700u*","54","Bafode Diakite","BOU","D","2000"
"*05r34*","95","Amad Diallo","MUN","M","7500"
"*06y29*","132","Habib Diarra","SUN","M","2200"
"*06195*","447","Tyler Dibling","EVE","M","2000"
"*04tm0*","148","Lucas Digne","AVL","D","6600"
"*04qfz*","174","Diogo Dalot","MUN","D","7800"
"*04qos*","448","Issa Diop","FUL","D","3000"
"*06ymu*","68","El Hadji Malick Diouf","WHU","M","5900"
"*066nn*","449","Ben Doak","BOU","F","2000"
"*05uog*","450","Lewis Dobbin","AVL","F","2000"
"*02m11*","268","Matt Doherty","WOL","D","4900"
"*06fup*","228","Jeremy Doku","MCI","M","7600"
"*06fy7*","451","Nicolas Dominguez","NOT","M","4500"
"*070hs*","452","Gianluigi Donnarumma","MCI","G","2000"
"*06xzb*","453","Romelle Donovan","BRF","M","2000"
"*06rlj*","177","Patrick Dorgu","MUN","D","2100"
"*062ot*","454","Cheick Doucoure","CRY","M","3200"
"*04spp*","630","Douglas Luiz","NOT","M","2000"
"*06zbp*","212","Max Dowman","ARS","M","2000"
"*06ime*","455","Radu Dragusin","TOT","D","2400"
"*04mr4*","99","Martin Dubravka","BUR","G","6500"
"*04e1c*","82","Lewis Dunk","BHA","D","4400"
"*06dmn*","456","George Earthy","WHU","M","2000"
"*06kyw*","457","Claudio Echeverri","MCI","M","2000"
"*04fk5*","614","Ederson","MCI","G","8100"
"*05w9q*","345","Odsonne Edouard","CRY","F","2000"
"*044w8*","366","Marcus Edwards","BUR","F","4200"
"*06c4h*","88","Hjalmar Ekdal","BUR","D","2000"
"*06zbz*","30","Hugo Ekitike","LIV","F","7700"
"*05ogb*","219","Anthony Elanga","NEW","F","7500"
"*04xjr*","361","Harvey Elliott","AVL","M","3900"
"*04mqv*","578","Emerson","WHU","D","5300"
"*061xs*","458","Julio Enciso","BHA","M","4000"
"*06fso*","232","Wataru Endo","LIV","M","2500"
"*06pe1*","241","Mateus Goncalo Espanha Fernandes","WHU","M","2000"
"*06r9h*","323","Romain Esse","CRY","M","2300"
"*06jgr*","116","Maxime Esteve","BUR","D","2000"
"*06p6j*","104","Evanilson","BOU","F","4600"
"*06on4*","459","Julian Eyestone","BRF","G","2000"
"*05nt6*","260","Eberechi Eze","ARS","M","9600"
"*05ojf*","300","Fabio Carvalho","BRF","M","2000"
"*05o8k*","628","Fabio Silva","WOL","F","2000"
"*061z3*","655","Fabio Vieira","ARS","M","2000"
"*06jgk*","460","Romain Faivre","BOU","M","2000"
"*06v12*","320","Fer Lopez","WOL","F","5200"
"*068ym*","12","Enzo Fernandez","CHE","M","8700"
"*06uzo*","327","Zian Flemming","BUR","M","2800"
"*04abb*","330","Phil Foden","MCI","M","8700"
"*05n0a*","461","Wes Foderingham","WHU","G","2000"
"*05opl*","336","Wesley Fofana","CHE","D","2600"
"*06c4o*","118","Lyle Foster","BUR","F","2000"
"*064op*","463","Tyler Fredricson","MUN","D","2000"
"*06v05*","318","Jeremie Frimpong","LIV","D","8700"
"*06o2t*","240","Niclas Fullkrug","WHU","F","2400"
"*045c8*","672","Gabriel Jesus","ARS","F","4600"
"*05nzu*","43","Gabriel Magalhaes","ARS","D","8600"
"*052h5*","267","Gabriel Martinelli","ARS","M","7300"
"*067yv*","4","Cody Gakpo","LIV","F","7500"
"*06r9v*","464","Andres Garcia","AVL","D","2000"
"*04spw*","63","James Garner","EVE","M","5400"
"*070ho*","466","Lutsharel Geertruida","SUN","D","2000"
"*06l4i*","333","Tyrique George","CHE","F","2000"
"*04qr9*","167","Morgan Gibbs-White","NOT","M","9800"
"*05uh9*","467","Bryan Gil","TOT","F","2000"
"*05n09*","468","Mark Gillespie","NEW","G","2000"
"*06y9n*","264","Jamie Gittens","CHE","F","6400"
"*064a0*","229","Wilfried Gnonto","LEE","F","2000"
"*06441*","469","Martial Godo","FUL","F","2000"
"*06r5b*","217","Diego Gomez","BHA","M","2000"
"*03r93*","281","Joseph Gomez","LIV","D","3900"
"*06fwo*","470","Enso Gonzalez","WOL","F","2000"
"*06rm7*","152","Nico Gonzalez","MCI","M","2400"
"*04mdn*","360","Anthony Gordon","NEW","M","8700"
"*06fxe*","172","Ryan Gravenberch","LIV","M","6100"
"*05y7c*","282","Archie Gray","TOT","M","2000"
"*06v03*","471","Harry Gray","LEE","F","2000"
"*02lm7*","1","Jack Grealish","EVE","M","4100"
"*06uzk*","472","Etienne Green","BUR","G","2000"
"*05r4r*","473","Sam Greenwood","LEE","F","2000"
"*06p5s*","195","Brajan Gruda","BHA","M","2600"
"*06v01*","239","Ilia Gruev","LEE","M","3200"
"*06yb7*","66","Gabriel Gudmundsson","LEE","D","4100"
"*050jq*","11","Marc Guehi","CRY","D","7100"
"*06zwj*","294","Evann Guessand","AVL","F","2000"
"*03rxa*","128","Idrissa Gueye","EVE","M","7400"
"*06mnm*","331","Marc Guiu","CHE","F","2000"
"*0435t*","474","Ilkay Gundogan","MCI","M","4900"
"*044i7*","475","Angus Gunn","NOT","G","2000"
"*06phr*","568","Gustavo Nunes","BRF","F","2000"
"*06clz*","140","Malo Gusto","CHE","D","5100"
"*06ex4*","476","Josko Gvardiol","MCI","D","9000"
"*062du*","477","Darko Gyabi","LEE","M","2000"
"*04tsb*","56","Viktor Gyokeres","ARS","F","10700"
"*061vq*","21","Erling Haaland","MCI","F","11400"
"*05y9n*","291","Lewis Hall","NEW","D","7300"
"*06zbq*","478","Andre Harriman-Annous","ARS","F","2000"
"*04spq*","262","Jack Harrison","LEE","M","5100"
"*06v6n*","114","Quilindschy Hartman","BUR","D","2000"
"*06zqq*","368","Jorrel Hato","CHE","D","2000"
"*05o6h*","301","Kai Havertz","ARS","F","7600"
"*03dwz*","479","Tom Heaton","MUN","G","2000"
"*06kqy*","353","Ayden Heaven","MUN","D","2000"
"*0645w*","480","Krisztian Hegyi","WHU","G","2000"
"*05oz4*","481","Karl Hein","ARS","G","4300"
"*06zvn*","482","George Hemmings","AVL","M","2000"
"*03yww*","50","Dean Henderson","CRY","G","8000"
"*02lk5*","193","Jordan Henderson","BRF","M","2000"
"*05tqz*","337","Rico Henry","BRF","D","2300"
"*06mga*","245","Mads Hermansen","WHU","G","2000"
"*062og*","326","Aaron Hickey","BRF","D","2000"
"*061vb*","190","James Hill","BOU","D","2200"
"*070hq*","483","Piero Hincapie","ARS","D","2000"
"*067ys*","257","Jack Hinshelwood","BHA","M","4700"
"*05x12*","484","Leo Fuhr Hjelde","SUN","D","2000"
"*06mfw*","485","Vaclav Hladky","BUR","G","2000"
"*04yjx*","299","Ki-Jana Hoever","WOL","D","2000"
"*06exb*","487","Rasmus Hojlund","MUN","F","4300"
"*06s7s*","488","Harry Howell","BHA","M,F","2000"
"*04mi4*","94","Callum Hudson-Odoi","NOT","F","6400"
"*05r2t*","489","Niall Huggins","SUN","D,F","2000"
"*04f6o*","164","Will Hughes","CRY","M","5300"
"*06v0g*","62","Trai Hume","SUN","D","5400"
"*066sh*","490","Bashir Humphreys","BUR","D","2000"
"*05ubv*","343","Omari Hutchinson","NOT","M,F","2000"
"*05w91*","202","Hwang Hee-Chan","WOL","F","4200"
"*06eka*","674","Igor Julio","WHU","D","2900"
"*06mn0*","49","Igor Thiago","BRF","F","2000"
"*06mnb*","491","Samuel Iling-Junior","AVL","F","2000"
"*05t6z*","162","Tim Iroegbunam","EVE","M","2100"
"*06kyx*","287","Andy Irving","WHU","M","2000"
"*0646f*","492","Alexander Isak","LIV","F","10800"
"*06v0t*","108","Wilson Isidor","SUN","F","2000"
"*06yb9*","75","Reinildo Isnard Mandava","SUN","D","2900"
"*038ze*","124","Alex Iwobi","FUL","M","8300"
"*06cm1*","493","Nicolas Jackson","CHE","F","6600"
"*03yr0*","242","Daniel James","LEE","M","2000"
"*051k7*","133","Reece James","CHE","D","4300"
"*05tre*","494","Vitaly Janelt","BRF","M","5400"
"*05tr9*","289","Mathias Jensen","BRF","M","4600"
"*070gu*","496","Alex Jimenez","BOU","D","2000"
"*04qrc*","303","Raul Jimenez","FUL","F","6700"
"*06prv*","495","Jamaldeen Jimoh","AVL","M","2000"
"*068yd*","142","Joao Gomes","WOL","M","6500"
"*062dt*","136","Joao Palhinha","TOT","M","2000"
"*05g2o*","2","Joao Pedro","CHE","F","7600"
"*0554i*","226","Joelinton","NEW","M","6800"
"*061ya*","80","Brennan Johnson","TOT","F","7900"
"*06xzm*","497","Zak Johnson","SUN","D","2000"
"*02xtd*","498","Sam Johnstone","WOL","G","3600"
"*04o82*","131","Curtis Jones","LIV","M","5000"
"*06v0q*","499","Harrison Jones","SUN","M","2000"
"*070ep*","500","Jayden Jones","SUN","M","2000"
"*070eo*","501","Jenson Jones","SUN","D,M","2000"
"*06nv3*","502","Filip Jorgensen","CHE","G","2000"
"*05udg*","272","Jose Sa","WOL","G","6600"
"*06nvg*","341","Jota Silva","NOT","F","2500"
"*0521z*","358","James Justin","LEE","D","2000"
"*06phe*","340","Ferdi Kadioglu","BHA","D","2400"
"*06492*","339","Sasa Kalajdzic","WOL","F","2000"
"*0703h*","315","Arnaud Kalimuendo","NOT","F","2000"
"*06mnc*","186","Daichi Kamada","CRY","M","2100"
"*061va*","250","Boubacar Kamara","AVL","M","5100"
"*06rgg*","90","Michael Kayode","BRF","D","2200"
"*0327r*","77","Michael Keane","EVE","D","3300"
"*045ob*","125","Caoimhin Kelleher","BRF","G","5400"
"*04u40*","388","Kepa","ARS","G","5700"
"*06do9*","89","Milos Kerkez","LIV","D","7400"
"*06r9w*","270","Abdukodir Khusanov","MCI","D","2000"
"*04yey*","197","Max Kilman","WHU","D","6000"
"*06jh3*","218","Joshua King","FUL","M","2000"
"*06cmt*","503","Tom King","EVE","G","2700"
"*06r6s*","504","Antonin Kinsky","TOT","G","3400"
"*068sd*","505","Jakub Kiwior","ARS","D","4400"
"*06clt*","324","Justin Kluivert","BOU","M","7200"
"*06dqv*","506","Luca Koleosho","BUR","M","2000"
"*070hp*","507","Randal Kolo Muani","TOT","F","2000"
"*06ils*","508","Yunus Konak","BRF","M","2000"
"*05u7f*","117","Ibrahima Konate","LIV","D","7100"
"*052ca*","325","Ezri Konsa","AVL","D","6700"
"*06xzd*","509","Charalampos Kostoulas","BHA","F","3500"
"*04u41*","510","Mateo Kovacic","MCI","M","6800"
"*06nvb*","511","Caleb Kporha","CRY","D","2000"
"*05746*","512","Emil Krafth","NEW","D","2000"
"*070f4*","513","Ladislav Krejci","WOL","D","2000"
"*06xza*","313","Eli Kroupi","BOU","F","3000"
"*06fv8*","7","Mohammed Kudus","TOT","M","8100"
"*05ylx*","514","Dejan Kulusevski","TOT","M","7700"
"*070hr*","515","Jonah Kusi-Asare","FUL","F","2000"
"*06pia*","10","Maxence Lacroix","CRY","D","4600"
"*06zrs*","516","Michael Laffey","LIV","M","2000"
"*06zqj*","517","Ethan Laidlaw","BRF","F","2000"
"*070hl*","518","Senne Lammens","MUN","G","2000"
"*05a6d*","519","Tariq Lamptey","BHA","D","3600"
"*03pig*","520","Jamaal Lascelles","NEW","D","2000"
"*03dyx*","243","Josh Laurent","BUR","M","2000"
"*05unu*","521","Romeo Lavia","CHE","M","2500"
"*06v0p*","93","Enzo Le Fee","SUN","M","4100"
"*06zbw*","522","Benjamin Lecomte","FUL","G","2000"
"*04qor*","127","Bernd Leno","FUL","G","8600"
"*06yb8*","525","Diego Leon","MUN","D","2000"
"*0701y*","523","Giovanni Leoni","LIV","D","2000"
"*04tzt*","246","Jefferson Lerma","CRY","M","5100"
"*070em*","524","Marley Leuluai","BUR","M","2000"
"*062x7*","97","Rico Lewis","MCI","D","5300"
"*062p3*","153","Keane Lewis-Potter","BRF","M","5800"
"*066sd*","296","Myles Lewis-Skelly","ARS","D","2700"
"*04fk8*","526","Victor Lindelof","AVL","D","2000"
"*05s08*","16","Valentino Livramento","NEW","D","6500"
"*04ug0*","192","Sean Longstaff","LEE","M","4000"
"*0647t*","18","Lucas Paqueta","WHU","M","6800"
"*04ym7*","115","Lucas Perri","LEE","G","2900"
"*06uzn*","590","Lucas Pires","BUR","D","4200"
"*06zrq*","528","Wellity Lucky","LIV","D","2000"
"*06mgp*","527","Luis Guilherme","WHU","M","2000"
"*068yt*","112","Sasa Lukic","FUL","M","4400"
"*052cb*","235","Ian Maatsen","AVL","D","3200"
"*0522h*","151","Alexis Mac Allister","LIV","M","9200"
"*070gt*","529","John Victor Maciel Furtado","NOT","G","2000"
"*06y9o*","252","Igor Jesus Maciel da Cruz","NOT","F","4000"
"*0414o*","530","James Maddison","TOT","M","9500"
"*068n8*","201","Noni Madueke","ARS","M","6300"
"*070g9*","531","Soungoutou Magassa","WHU","M","2000"
"*04tsf*","532","Paris Maghoma","BRF","M","2000"
"*03gu4*","307","Harry Maguire","MUN","D","4900"
"*0666p*","312","Kobbie Mainoo","MUN","M","4400"
"*062ft*","533","Tyrell Malacia","MUN","D","2000"
"*04ge7*","265","Donyell Malen","AVL","F","2000"
"*06xzg*","534","Giorgi Mamardashvili","LIV","G","4600"
"*06rpm*","536","Mateus Mane","WOL","F","2000"
"*06c4p*","535","Benson Manuel","BUR","F","2000"
"*04e1k*","537","Solly March","BHA","M","3100"
"*06do1*","538","Zach Marsh","CRY","F","4700"
"*06hcm*","539","Callum Marshall","WHU","F","2000"
"*02lz0*","335","Emiliano Martinez","AVL","G","6900"
"*062pl*","540","Lisandro Martinez","MUN","D","5100"
"*045yy*","541","Arthur Masuaku","SUN","D","2000"
"*05r8o*","149","Jean-Philippe Mateta","CRY","F","7900"
"*06xzo*","542","Jay Matete","SUN","M","2000"
"*067yz*","150","Matheus Cunha","MUN","F","10600"
"*06exa*","462","Matheus Franca","CRY","F","2100"
"*063zi*","290","Matheus Nunes","MCI","D","6300"
"*05ubh*","543","Remi Matthews","CRY","G","2000"
"*04ml6*","238","Konstantinos Mavropanos","WHU","D","3500"
"*06v0s*","163","Eliezer Mayenda","SUN","F","7200"
"*06p4j*","349","Noussair Mazraoui","MUN","D","4600"
"*05trb*","74","Bryan Mbeumo","MUN","F","11600"
"*05rbn*","544","Thomas McGill","BHA","G","2000"
"*051k0*","120","John McGinn","AVL","M","6800"
"*06jgu*","545","Callan McKenna","BOU","G","2000"
"*04p0d*","342","Dwight McNeil","EVE","M","8000"
"*05uhs*","273","James Mcatee","NOT","M","3300"
"*06mgk*","546","Jayden Meghoma","BRF","D","2000"
"*05t6y*","146","Hannibal Mejbri","BUR","M","2000"
"*04ylt*","547","Chris Mepham","BOU","D","2000"
"*04hk9*","275","Mikel Merino","ARS","M","4100"
"*05mzt*","548","Illan Meslier","LEE","G","2000"
"*06v0r*","549","Ben Middlemas","SUN","M","2000"
"*06y4g*","354","Antoni Milambo","BRF","M","2200"
"*06mw0*","179","Nikola Milenkovic","NOT","D","5700"
"*06ab3*","251","Lewis Miley","NEW","M","2600"
"*02lv9*","236","James Milner","BHA","M","2000"
"*070h9*","550","Veljko Milosavljevic","BOU","D","2000"
"*03rec*","91","Tyrone Mings","AVL","D","3700"
"*06c6g*","76","Yankuba Minteh","BHA","M","4200"
"*05akv*","29","Tyrick Mitchell","CRY","D","8300"
"*062ci*","98","Kaoru Mitoma","BHA","M","8200"
"*03aqp*","46","Mohamed Salah","LIV","F","15000"
"*06zqk*","210","David Moller Wolfe","WOL","D","2000"
"*033l8*","551","Simon Moore","SUN","G","2000"
"*06pig*","606","Morato","NOT","D","2000"
"*070ha*","555","Florentino Ibrain Morris Luis","BUR","M","2000"
"*06zbm*","231","Cristhian Mosquera","ARS","D","2000"
"*05ts6*","556","Yerson Mosquera","WOL","D","2000"
"*06xzj*","557","David Mota Veiga Teixeira do Carmo","NOT","D","2000"
"*052cd*","137","Mason Mount","MUN","M","2400"
"*068a1*","558","Mykhailo Mudryk","CHE","M","2700"
"*06zxx*","559","Divine Mukasa","MCI","M","2000"
"*0703c*","254","Nordi Mukiele","SUN","D","2000"
"*05udw*","560","Romaine Mundle","SUN","F","3700"
"*06rma*","123","Marshall Munetsi","WOL","M","2900"
"*06jgi*","9","Daniel Munoz","CRY","D","8500"
"*06fwz*","155","Murillo","NOT","D","7000"
"*06ewy*","561","Alex Murphy","NEW","D","2000"
"*03am7*","276","Jacob Murphy","NEW","M","8100"
"*05ybq*","304","Vitalii Mykolenko","EVE","D","8000"
"*05r94*","38","Iliman Ndiaye","EVE","M","5400"
"*06zna*","96","Dan Ndoye","NOT","F","4300"
"*06v0j*","562","Dan Neil","SUN","M","3800"
"*04ge8*","563","Reiss Nelson","BRF","F","3000"
"*06r2g*","256","Rio Ngumoha","LIV","F","2000"
"*04ge9*","564","Eddie Nketiah","CRY","F","4000"
"*06cm0*","565","Christopher Nkunku","CHE","F","3400"
"*04lnu*","145","Lukas Nmecha","LEE","F","4300"
"*06v0e*","566","Blondy Nna Noukeu","SUN","G","2800"
"*05tr8*","567","Christian Norgaard","ARS","M","7400"
"*065ao*","310","Ethan Nwaneri","ARS","M","2000"
"*06hze*","569","Treymaurice Nyoni","LIV","M","2400"
"*06ys4*","570","Sverre Nypan","MCI","M","2000"
"*062oh*","79","Jake OBrien","EVE","D","3500"
"*06v0m*","571","Luke ONien","SUN","M","2000"
"*067x8*","317","Nico OReilly","MCI","M","2400"
"*04qfq*","180","Matt ORiley","BHA","M","2200"
"*06roj*","572","Chido Obi-Martin","MUN","F","2000"
"*05r9b*","182","Martin Odegaard","ARS","M","9800"
"*06fhy*","266","Wilson Odobert","TOT","F","3300"
"*06v0w*","573","Trey Ogunsuyi","SUN","F","2000"
"*070cj*","334","Noah Okafor","LEE","F","2000"
"*06rf9*","107","Omar Marmoush","MCI","F","4300"
"*063hu*","189","Amadou Onana","AVL","M","5400"
"*06dps*","574","Andre Onana","MUN","G","7900"
"*05r93*","575","Tyler Onyango","EVE","M","2000"
"*05ue7*","111","Frank Onyeka","BRF","M","2000"
"*066iz*","576","Lewis Orford","WHU","M","2000"
"*05t6x*","185","William Osula","NEW","F","2000"
"*068lx*","122","Dango Ouattara","BRF","M","6400"
"*05l8q*","284","Cole Palmer","CHE","M","12100"
"*06zc0*","579","Seung-Soo Park","NEW","F","2000"
"*06v0d*","580","Anthony Patterson","SUN","G","3500"
"*05yct*","581","Nathan Patterson","EVE","D","2700"
"*06awp*","582","Travis Patterson","AVL","D","2000"
"*06ygm*","583","Jair Paula da Cunha Filho","NOT","D","2000"
"*06mex*","584","Alex Paulsen","BOU","G","2000"
"*05nuf*","585","Myles Peart-Harris","BRF","M","2000"
"*06v04*","593","Armin Pecsi","LIV","G","2000"
"*06mrz*","430","Pedro Lima","WOL","D","2000"
"*056iy*","58","Pedro Neto","CHE","F","6700"
"*06xzk*","586","Timothee Pembele","SUN","D","2000"
"*06fuw*","52","Djordje Petrovic","BOU","G","2000"
"*05n03*","587","Kalvin Phillips","MCI","M","2000"
"*032f9*","24","Jordan Pickford","EVE","G","10400"
"*070en*","588","Oliver Pimlott","BUR","M,F","2000"
"*05tr1*","589","Ethan Pinnock","BRF","D","4700"
"*070f9*","293","Yeremy Pino","CRY","M","2000"
"*06v02*","319","Joel Piroe","LEE","F","7000"
"*044ei*","19","Nick Pope","NEW","G","8000"
"*05n07*","33","Pedro Porro","TOT","D","8700"
"*05y5b*","332","Freddie Potts","WHU","M","3200"
"*04ym3*","591","Ian Poveda-Ocampo","SUN","F","2000"
"*06ie2*","592","Sam Proctor","AVL","G","2000"
"*05rjn*","594","Jesurun Rak-Sakyi","CRY","M","2000"
"*05afj*","596","Largie Ramazani","LEE","F","3900"
"*061z5*","597","Calvin Ramsay","LIV","D","2000"
"*04amh*","598","Aaron Ramsdale","NEW","G","6400"
"*05vyc*","599","Aaron Ramsey","BUR","M","2000"
"*051k3*","280","Jacob Ramsey","NEW","M","4600"
"*05tqx*","37","David Raya","ARS","G","8800"
"*037mt*","600","Harrison Reed","FUL","M","2000"
"*06r3w*","601","Remy Rees-Dottin","BOU","F","2000"
"*06v06*","42","Tijjani Reijnders","MCI","M","7500"
"*06mnn*","602","Chadi Riad","CRY","D","2000"
"*04agz*","39","Declan Rice","ARS","M","9600"
"*0635j*","27","Chris Richards","CRY","D","4900"
"*062op*","603","Omar Richards","NOT","D","2000"
"*04io4*","17","Richarlison","TOT","F","4500"
"*06v0l*","365","Chris Rigg","SUN","M","2700"
"*04azm*","604","Connor Roberts","BUR","D","2000"
"*03brm*","338","Patrick Roberts","SUN","M","2000"
"*03gu5*","347","Andrew Robertson","LIV","D","6400"
"*03rzp*","295","Antonee Robinson","FUL","D","9000"
"*062oi*","605","Kaden Rodney","CRY","M","2000"
"*03yqz*","57","Joe Rodon","LEE","D","4000"
"*0524k*","214","Rodri","MCI","M","4800"
"*06mn8*","220","Rodrigo Gomes","WOL","M","2000"
"*061vn*","227","Rodrigo Muniz","FUL","F","5200"
"*06oav*","329","Guido Rodriguez","WHU","M","2000"
"*06znb*","20","Robin Roefs","SUN","G","2000"
"*05tr5*","607","Mads Roerslev","BRF","D","4200"
"*05uht*","170","Morgan Rogers","AVL","M","7300"
"*070hi*","611","Merlin Rohl","EVE","M","2000"
"*05uoc*","32","Cristian Romero","TOT","D","5600"
"*06prt*","608","Triston Rowe","AVL","D","2000"
"*05omu*","143","Ruben Dias","MCI","D","6500"
"*02m3v*","609","John Ruddy","NEW","G","2000"
"*06xzq*","610","Nazariy Rusyn","SUN","F","2000"
"*0689w*","221","Georginio Rutter","BHA","F","4100"
"*06y59*","196","Noah Sadiki","SUN","M","2700"
"*04y92*","154","Bukayo Saka","ARS","M","11300"
"*0558w*","61","William Saliba","ARS","D","8400"
"*05ue3*","612","Albert Sambi Lokonga","ARS","M","2000"
"*04yme*","34","Robert Sanchez","CHE","G","6900"
"*04gw7*","613","Jadon Sancho","AVL","M","5100"
"*06fxu*","249","Ibrahim Sangare","NOT","M","3000"
"*070hj*","615","Kevin Santos Lopes de Macedo","FUL","F","2000"
"*05x9k*","616","Jeremy Sarmiento","BHA","M","2000"
"*05748*","44","Ismaila Sarr","CRY","M","5200"
"*05w7t*","40","Pape Sarr","TOT","M","5100"
"*06mvz*","553","Savio","MCI","M","4700"
"*070g8*","617","Nicolo Savona","NOT","D","2000"
"*06635*","618","Oliver Scarles","WHU","D","2000"
"*05nip*","619","Dane Scarlett","TOT","F","2000"
"*067zv*","223","Kevin Schade","BRF","F","6600"
"*04tig*","23","Fabian Schar","NEW","D","7700"
"*06uzx*","620","Isaac Schmidt","LEE","D","2000"
"*06f8y*","130","Alex Scott","BOU","M","3200"
"*06v0f*","224","Jenson Seelt","SUN","D","2000"
"*04f6h*","188","Matz Sels","NOT","G","8200"
"*068y0*","6","Antoine Semenyo","BOU","F","8700"
"*063e7*","14","Marcos Senesi","BOU","D","4900"
"*06zxy*","255","Benjamin Sesko","MUN","F","5000"
"*04qfm*","306","Ryan Sessegnon","FUL","M","2900"
"*02oq6*","168","Luke Shaw","MUN","D","2200"
"*06xzp*","621","Luis Hemir Silva Semedo","SUN","F","2000"
"*062cj*","622","Abdallah Sima","BHA","F","2000"
"*06s7r*","623","Freddie Simmonds","BHA","D","2000"
"*070fa*","624","Xavi Simons","TOT","M","2000"
"*0700r*","625","Jimmy Sinclair","NOT","M","2000"
"*062h9*","626","Luis Sinisterra","BOU","F","3200"
"*063c2*","627","Gabriel Slonina","CHE","G","2600"
"*04sat*","204","Emile Smith Rowe","FUL","M","4800"
"*02lp5*","171","Adam Smith","BOU","D","4700"
"*070hm*","629","Luis Eduardo Soares da Silva","NOT","D","2000"
"*03fgo*","308","Dominic Solanke","TOT","F","7900"
"*06r7f*","631","Julio Soler","BOU","D","2000"
"*06329*","632","Manor Solomon","TOT","F","2000"
"*06uzl*","269","Oliver Sonne","BUR","D","2000"
"*06yey*","633","Borna Sosa","CRY","D","2000"
"*05gcp*","247","Tomas Soucek","WHU","M","6900"
"*062ts*","53","Djed Spence","TOT","D","3300"
"*06zbx*","85","Anton Stach","LEE","M","2000"
"*06mmk*","634","Marko Stamenic","NOT","M","2000"
"*04rha*","635","Jason Steele","BHA","G","5300"
"*062cw*","577","Stefan Ortega","MCI","G","5200"
"*06zqi*","636","Joshua Stephenson","BRF","D","2000"
"*02yl5*","101","John Stones","MCI","D","3300"
"*06mow*","258","Jorgen Strand Larsen","WOL","F","4600"
"*05mzz*","92","Pascal Struijk","LEE","D","2000"
"*05rl4*","159","Crysencio Summerville","WHU","M","2300"
"*06cmm*","71","Dominik Szoboszlai","LIV","M","8200"
"*06ya6*","637","Kota Takai","TOT","D","2000"
"*06ybq*","194","Chemsdine Talbi","SUN","F","4100"
"*06uzy*","274","Ao Tanaka","LEE","M","2400"
"*0372y*","638","Matt Targett","NEW","D","2000"
"*0427d*","81","James Tarkowski","EVE","D","8400"
"*06rwp*","639","Charlie Tasker","BHA","D","2000"
"*0639x*","69","Marcus Tavernier","BOU","M","7400"
"*06y27*","176","Loum Tchaouna","BUR","F","6200"
"*070bg*","283","Jackson Tchatchoua","WOL","D","2000"
"*06rm8*","314","Mathys Tel","TOT","F","2600"
"*05oeh*","83","Kenny Tete","FUL","D","5200"
"*0700p*","355","Malick Thiaw","NEW","D","2000"
"*06zeg*","640","Max Thompson","NEW","G","2000"
"*04yo7*","129","Youri Tielemans","AVL","M","8400"
"*06dmj*","13","Jurrien Timber","ARS","D","5600"
"*06onx*","305","Jean-Clair Todibo","WHU","D","2600"
"*06cms*","121","Sandro Tonali","NEW","M","5700"
"*06crm*","253","Pau Torres","AVL","D","4700"
"*05yg5*","369","Toti","WOL","D","6200"
"*05oz3*","138","James Trafford","MCI","G","2000"
"*03u2b*","321","Adama Traore","FUL","F","5400"
"*035n1*","641","Bertrand Traore","SUN","M,F","2000"
"*068yr*","263","Hamed Traore","BOU","M","2000"
"*04vy4*","642","Mark Travers","EVE","G","5800"
"*06fy5*","643","Mike Tresor","BUR","F","2000"
"*06xzl*","644","Nectarios Triantis","SUN","D","2000"
"*03dx3*","70","Kieran Trippier","NEW","D","7200"
"*0520r*","328","Leandro Trossard","ARS","M","7900"
"*06uyc*","36","Adrien Truffert","BOU","D","4800"
"*05n3v*","645","Konstantinos Tsimikas","LIV","D","4900"
"*03xrs*","646","Axel Tuanzebe","BUR","D","2000"
"*06v0x*","647","Tymur Tutierov","SUN","F","2000"
"*06uzs*","648","Tom Tweedy","BUR","F","2000"
"*05rc7*","649","Harry Tyrer","EVE","G","2000"
"*06xzc*","650","Stefanos Tzimas","BHA","F","2200"
"*070hh*","651","Christantus Uche","CRY","M","2000"
"*06pib*","279","Manuel Ugarte","MUN","M","3000"
"*06eo0*","200","Lesley Ugochukwu","BUR","M","3000"
"*06kk4*","652","Franco Umeh-Chibueze","CRY","F","2000"
"*03sbh*","653","Enes Unal","BOU","F","2500"
"*06jfe*","654","Hakon Valdimarsson","BRF","G","2800"
"*05mxa*","311","Joel Veltman","BHA","D","5400"
"*06cmu*","230","Bart Verbruggen","BHA","G","5700"
"*06cmb*","15","Guglielmo Vicario","TOT","G","6200"
"*06v0y*","656","Luka Vuskovic","TOT","D","2000"
"*02lp9*","147","Kyle Walker","BUR","D","4400"
"*03zsq*","166","Kyle Walker-Peters","WHU","D","3400"
"*04adp*","292","Aaron Wan-Bissaka","WHU","D","7500"
"*02oq8*","181","James Ward-Prowse","WHU","M","5800"
"*05ocl*","184","Ollie Watkins","AVL","F","9900"
"*06uns*","657","Tom Watson","BHA","F","2000"
"*056ir*","658","Adam Webster","BHA","D","3700"
"*06v6m*","659","Max Weiss","BUR","G","2000"
"*02lnx*","676","Danny Welbeck","BHA","F","6400"
"*06jgs*","139","Adam Wharton","CRY","M","4800"
"*04e1e*","208","Ben White","ARS","D","7100"
"*0700q*","660","Archie Whitehall","NOT","M","2000"
"*070eq*","661","Jack Whittaker","SUN","M","2000"
"*06mpp*","191","Mats Wieffer","BHA","M","2800"
"*05a6e*","110","Neco Williams","NOT","D","7100"
"*05oji*","662","Rhys Williams","LIV","D","2000"
"*04ge6*","663","Joe Willock","NEW","M","3200"
"*03r8x*","156","Callum Wilson","WHU","F","2600"
"*03rxs*","141","Harry Wilson","FUL","M,F","5600"
"*05wwd*","664","Joshua Wilson-Esbrand","MCI","D","2000"
"*06qwh*","367","Ben Winterburn","BOU","M","2000"
"*06v21*","134","Florian Wirtz","LIV","M","11300"
"*05uor*","665","Yoane Wissa","NEW","F","9100"
"*070g7*","666","Nick Woltemade","NEW","F","2000"
"*02m5b*","73","Chris Wood","NOT","F","8500"
"*03m5i*","667","Freddie Woodman","LIV","G","2000"
"*061xw*","285","Joe Worrall","BUR","D","2000"
"*06avm*","668","James Wright","AVL","G","2000"
"*06zrt*","669","Will Wright","LIV","F","2000"
"*0435m*","35","Granit Xhaka","SUN","M","2000"
"*066r9*","144","Ehor Yarmolyuk","BRF","M","3100"
"*061y6*","277","Ryan Yates","NOT","M","5400"
"*06mx0*","87","Leny Yoro","MUN","D","2000"
"*06few*","595","Youssef Chermiti","EVE","F","2000"
"*043c1*","670","Oleksandr Zinchenko","NOT","D","5000"
"*06mve*","322","Joshua Zirkzee","MUN","F","2300"
"*06y9z*","126","Martin Zubimendi","ARS","M","4700"
"*06mnd*","671","Eric da Silva Moreira","NOT","F","2000"
"*06p4k*","51","Matthijs de Ligt","MUN","D","3100"
"*03vlj*","28","Virgil van Dijk","LIV","D","8700"
"*05oh0*","157","Jan-Paul van Hecke","BHA","D","5900"
"*06ezb*","45","Micky van de Ven","TOT","D","4300"
"*05220*","86","Sepp van den Berg","BRF","D","3400"
