*051kg*,1,Max Aarons,BOU,D,2500.0
*061vp*,2,Brenden Aaronson,LEE,M,4700.0
*06442*,3,Zach Abbott,NOT,D,2600.0
*06mgd*,192,Abdul Fatawu,IPS,F,4900.0
*07851*,4,Joshua Abe,LIV,F,2500.0
*0410j*,5,Tammy Abraham,AVL,F,2800.0
*06kwp*,6,Josh Acheampong,CHE,D,2600.0
*062h7*,7,Tyler Adams,BOU,M,6500.0
*03yeg*,8,Tosin Adarabioyo,CHE,D,2900.0
*05ymb*,9,Tayo Adaramola,CRY,D,2500.0
*0626q*,10,Simon Adingra,SUN,F,2600.0
*070ci*,11,Amine Adli,BOU,F,3600.0
*0786a*,12,Demiane Agustien,ARS,M,2500.0
*03frx*,13,Ola Aina,NOT,D,9500.0
*05os4*,14,Rayan Ait-Nouri,MCI,D,5000.0
*06q2h*,15,Damola Ajayi,TOT,F,2500.0
*03ksl*,16,Semi Ajayi,HUL,D,3600.0
*05uel*,17,Kristoffer Ajer,BRF,D,4300.0
*06r5r*,18,Matai Akinmboni,BOU,D,2500.0
*076dr*,19,David Akintola,HUL,"M,F",2500.0
*0326x*,20,Chuba Akpom,IPS,F,2500.0
*02lkt*,21,Ali Al-Hamadi,IPS,F,2500.0
*0687c*,22,Carlos Alcaraz,EVE,M,2600.0
*0700t*,23,Omar Alderete,SUN,D,10500.0
*060wh*,214,Alejandro Garnacho,AVL,"M,F",5300.0
*05ogg*,24,Ajibola Alese,SUN,D,2500.0
*04sjt*,517,Alisson Becker,LIV,G,8700.0
*067x6*,25,Max Alleyne,MCI,D,2600.0
*072j3*,692,Alysson Edward,AVL,F,2500.0
*06l2r*,27,Harry Amass,MUN,D,2700.0
*0784i*,28,Aurele Amenda,COV,D,2500.0
*04lav*,29,Ethan Ampadu,LEE,"D,M",7500.0
*05os8*,30,Joachim Andersen,FUL,D,9400.0
*05opj*,31,Elliot Anderson,MCI,M,11900.0
*02lzt*,32,Keith Andrews,COV,M,2500.0
*068a0*,448,Andrey Santos,MUN,M,2700.0
*072zs*,33,Nilson Angulo,SUN,"M,F",5600.0
*06r5m*,34,Aaron Anselmino,CHE,D,2500.0
*061vk*,35,Jaidon Anthony,BRF,"M,F",5000.0
*03rzp*,530,Antonee Robinson,FUL,D,8200.0
*0787y*,496,Antonio Silva,BOU,D,4300.0
*06p4l*,37,Julian Araujo,BOU,D,2500.0
*078i7*,38,Ronald Araujo,LIV,D,4300.0
*06v08*,39,Daniel Armer,MUN,D,2500.0
*06onv*,40,Harrison Armstrong,EVE,M,2500.0
*078fx*,42,Owen Asemota,AVL,G,2500.0
*04gyd*,43,Brandon Austin,TOT,G,2500.0
*078gc*,44,Caelan Avenell,BRF,D,2500.0
*04rzl*,45,Taiwo Awoniyi,NOT,F,2600.0
*068yc*,46,Yasin Ayari,BHA,M,8000.0
*06zef*,47,Adam Aznou,EVE,D,2500.0
*06xzn*,48,Abdoullah Ba,SUN,M,2500.0
*06804*,49,Benoit Badiashile,CHE,D,2600.0
*07853*,50,Juma Bah,MCI,D,2500.0
*05uns*,51,Leon Bailey,AVL,"M,F",2600.0
*062p0*,52,Stefan Bajcetic,LIV,M,2500.0
*070hn*,53,Dilane Bakwa,NOT,F,3300.0
*05u40*,54,Ellery Balcombe,BRF,G,2500.0
*06fwi*,55,Carlos Baleba,BHA,M,2900.0
*05nns*,56,Danny Ballard,SUN,D,9800.0
*07859*,57,Aladji Bamba,NEW,M,2500.0
*06j20*,58,Valentin Barco,CHE,"D,M",2500.0
*02lpf*,59,Ross Barkley,AVL,M,2900.0
*04abn*,60,Harvey Barnes,NEW,M,5900.0
*06ybp*,61,Thierno Barry,EVE,F,2700.0
*0554g*,62,Calvin Bassey,FUL,D,8300.0
*076dq*,63,Mohamed Belloumi,HUL,"M,F",4300.0
*06zod*,64,Dean Benamar,CRY,D,2500.0
*0784l*,65,Lucca Benetton,CRY,G,2500.0
*06xze*,68,Walter Benitez,CRY,G,4400.0
*05ylw*,66,Rodrigo Bentancur,TOT,M,4100.0
*072zo*,67,Luka Bentt,BRF,M,2500.0
*05gcs*,69,Sander Berge,FUL,M,6800.0
*06mn7*,70,Lucas Bergvall,TOT,M,2600.0
*06fvn*,225,Beto,EVE,F,6000.0
*02ls8*,71,Marcus Bettinelli,MCI,G,2500.0
*02lpi*,73,Jake Bidwell,COV,D,2500.0
*06v51*,74,Jaka Bijol,LEE,D,2700.0
*06xzi*,75,Tyler Bindon,NOT,D,2500.0
*06ymt*,76,Marco Bizot,AVL,G,3100.0
*05ye7*,77,Oscar Bobb,FUL,M,5000.0
*05r4h*,78,Lamare Bogarde,AVL,M,2600.0
*05o8o*,79,Jayden Bogle,LEE,D,6600.0
*0784j*,81,Raphael Borges Rodrigues,COV,F,2500.0
*06y28*,82,Sebastiaan Bornauw,LEE,D,2500.0
*06ewm*,83,Alex Borto,FUL,G,2500.0
*06y26*,84,Olivier Boscagli,BHA,D,2600.0
*062a9*,85,Sven Botman,NEW,D,8800.0
*05uhj*,86,Conor Bradley,LIV,D,4000.0
*06pry*,87,Kaden Braithwaite,MCI,D,2500.0
*05l27*,88,Jarrad Branthwaite,EVE,D,9100.0
*076d1*,89,Miguel Angel Brau,COV,D,2500.0
*0784h*,90,Harvey Broad,COV,D,2500.0
*070hc*,91,Brian Brobbey,SUN,F,5600.0
*04rh9*,92,David Brooks,BOU,M,2600.0
*06v0k*,93,Alan Browne,SUN,M,2500.0
*05gcr*,80,Bruno Fernandes,MUN,M,15000.0
*05ylj*,242,Bruno Guimaraes,ARS,M,12200.0
*051kl*,94,Emiliano Buendia,AVL,M,6100.0
*02lsa*,95,Dan Burn,NEW,D,6700.0
*05uhr*,96,Finley Burns,MCI,D,2500.0
*06r7l*,97,Bradley Burrowes,AVL,M,2500.0
*032aa*,98,Jack Butland,HUL,G,4100.0
*02t13*,99,David Button,IPS,G,2500.0
*03ysd*,100,Sam Byram,LEE,D,2500.0
*0785p*,101,Harry Byrne,TOT,M,2500.0
*0328q*,103,Tom Cairney,FUL,M,2600.0
*06uzw*,104,Alex Cairns,LEE,G,2500.0
*06nu7*,105,Riccardo Calafiori,ARS,D,7300.0
*049tq*,106,Dominic Calvert-Lewin,LEE,F,8600.0
*070hb*,107,Jaydee Canvot,CRY,D,6200.0
*05o4b*,109,Matty Cash,AVL,D,9200.0
*06rlf*,110,Eiran Cashin,BHA,D,2500.0
*05o4c*,112,Timothy Castagne,FUL,D,4100.0
*078hj*,113,Max-Edgar Chabot,MCI,G,2500.0
*06yxd*,114,Rhys Chadwick,LEE,M,2500.0
*062p1*,115,Luke Chambers,LIV,D,2500.0
*06v00*,116,Sam Chambers,LEE,M,2500.0
*05uhq*,117,Shea Charles,FUL,"D,M",2600.0
*06mgh*,118,Dylan Charlton,NEW,D,2500.0
*078le*,119,Pep Chavarria,CHE,D,2500.0
*06v07*,120,Rayan Cherki,MCI,M,8600.0
*06phw*,121,Federico Chiesa,LIV,F,3000.0
*061ve*,122,Ryan Christie,BOU,M,4500.0
*07847*,123,Modou Cisse,AVL,"D,M",2500.0
*05u1m*,126,Nathan Collins,BRF,D,10300.0
*06crn*,127,Toby Collyer,MUN,M,2500.0
*062p5*,128,Levi Colwill,CHE,D,6300.0
*043qy*,129,Lewis Cook,BOU,M,3200.0
*076kd*,368,Costinha,BHA,D,2500.0
*076dg*,131,Lewie Coyle,HUL,D,3800.0
*064oo*,132,Amario Cozier-Duberry,BHA,M,2500.0
*07857*,133,Luke Craggs,NEW,D,2500.0
*075zi*,134,Alfie Cresswell,LEE,M,2500.0
*076dn*,135,Matt Crooks,HUL,M,3800.0
*06nyw*,136,Jorge Cuenca,FUL,D,2600.0
*06jb3*,137,Ted Curd,CHE,G,2500.0
*06mnd*,693,Eric da Silva Moreira,NOT,F,2500.0
*03fgl*,694,Jay da Silva,COV,D,4000.0
*063q8*,139,Mikkel Damsgaard,BRF,M,9500.0
*057cr*,140,Kevin Danso,TOT,D,4000.0
*06uzv*,111,Dario Essugo,CHE,M,2500.0
*03pif*,141,Karl Darlow,MUN,G,4000.0
*048xg*,142,Josh Dasilva,BRF,M,2500.0
*0784k*,143,Aidan Dausch,COV,F,2500.0
*067z4*,201,David Datro Fofana,CHE,F,2500.0
*02oo1*,144,Ben Davies,TOT,D,2600.0
*05rfp*,145,Harvey Davies,LIV,G,2500.0
*05nil*,146,Leif Davis,IPS,D,3600.0
*06y9m*,147,Maxim De Cuyper,BHA,D,3200.0
*06ewn*,148,Luc De Fougerolles,FUL,D,2500.0
*06p4k*,697,Matthijs de Ligt,MUN,D,4500.0
*03yww*,264,Dean Henderson,CRY,G,10900.0
*05oig*,149,Liam Delap,CHE,F,2600.0
*056as*,150,William Dennis,BOU,G,2500.0
*0784u*,151,Enis Destan,HUL,F,2500.0
*063y7*,642,Destiny Udogie,TOT,D,2900.0
*07854*,152,Jacob Devaney,MUN,M,2500.0
*06kx1*,153,Justin Devenny,CRY,M,2500.0
*05gcc*,154,Kiernan Dewsbury-Hall,EVE,M,8300.0
*0700u*,156,Bafode Diakite,BOU,D,3400.0
*0784d*,155,Calvin Diakite,CHE,D,2500.0
*05r34*,157,Amad Diallo,MUN,"M,F",9100.0
*06y29*,158,Habib Diarra,SUN,M,2600.0
*06195*,159,Tyler Dibling,EVE,M,2600.0
*06r5b*,248,Diego Gomez,BHA,M,6500.0
*0785m*,160,Charlie Dinsdale,SUN,M,2500.0
*04qfz*,138,Diogo Dalot,MUN,D,9100.0
*078j4*,161,Ousmane Diomande,NOT,D,2500.0
*04qos*,162,Issa Diop,IPS,D,2600.0
*06ew2*,163,Axel Disasi,CHE,D,2900.0
*066nn*,164,Ben Doak,BOU,"M,F",2500.0
*06fup*,165,Jeremy Doku,MCI,"M,F",11000.0
*06fy7*,166,Nicolas Dominguez,NOT,M,5100.0
*066t3*,167,Jamie Donley,TOT,"M,F",2500.0
*070hs*,168,Gianluigi Donnarumma,MCI,G,9100.0
*06rlj*,169,Patrick Dorgu,MUN,D,5400.0
*062ot*,170,Cheick Doucoure,CRY,M,2600.0
*076cw*,171,Oliver Dovin,COV,G,2500.0
*03m5h*,172,Kieran Dowell,HUL,M,2500.0
*06zbp*,173,Max Dowman,ARS,M,2800.0
*072h9*,174,Joel Drakes-Thomas,CRY,F,2500.0
*05roa*,175,Cody Drameh,HUL,D,2500.0
*04mr4*,176,Martin Dubravka,TOT,G,6300.0
*04e1c*,177,Lewis Dunk,BHA,D,7800.0
*076d6*,178,Josh Eccles,COV,M,2500.0
*06kyw*,179,Claudio Echeverri,MCI,M,2500.0
*02m5l*,180,John Egan,HUL,D,4000.0
*076dx*,181,Sindre Egeli,IPS,"M,F",2500.0
*06zbz*,182,Hugo Ekitike,LIV,F,5200.0
*05ogb*,183,Anthony Elanga,NEW,F,3600.0
*072zp*,184,Melker Ellborg,SUN,G,3900.0
*04xjr*,185,Harvey Elliott,LIV,M,2600.0
*076kg*,186,Emmanuel Emegha,CHE,F,2500.0
*06shp*,187,Landon Emenalo,CHE,"D,M",2500.0
*0784w*,130,Emersonn,IPS,F,3000.0
*02lz0*,386,Emiliano Martinez,AVL,G,9600.0
*06fso*,188,Wataru Endo,LIV,M,2500.0
*06r9h*,190,Romain Esse,CRY,M,2500.0
*06yxe*,26,Estevao,CHE,F,2600.0
*06p6j*,698,Evanilson,BOU,F,7200.0
*05nt6*,191,Eberechi Eze,ARS,M,7800.0
*05ojf*,108,Fabio Carvalho,BRF,M,2500.0
*061z3*,648,Fabio Vieira,ARS,M,2500.0
*05vyj*,193,Evan Ferguson,BHA,F,2500.0
*068ym*,194,Enzo Fernandez,CHE,M,9700.0
*0785f*,196,Matheos Ferreira,NEW,F,2500.0
*0785b*,197,Rory Finneran,NEW,M,2500.0
*070ha*,432,Florentino,IPS,M,3800.0
*073ab*,549,Floyd Samba,MCI,M,2500.0
*04abb*,200,Phil Foden,MCI,M,7900.0
*02ltw*,203,Fraser Forster,BOU,G,2500.0
*078lg*,204,Harvey Foster,EVE,M,2500.0
*06igq*,206,Benjamin Fredrick,BRF,D,2500.0
*06v05*,207,Jeremie Frimpong,LIV,D,5400.0
*03mga*,208,Darnell Furlong,IPS,D,3000.0
*072mp*,209,Kaye Furo,BRF,F,2500.0
*045c8*,696,Gabriel Jesus,ARS,F,2600.0
*05nzu*,701,Gabriel Magalhaes,ARS,D,12000.0
*052h5*,385,Gabriel Martinelli,ARS,"M,F",3100.0
*07856*,210,Joseph Gabriel,MUN,F,2500.0
*067yv*,211,Cody Gakpo,LIV,F,9200.0
*051k8*,212,Conor Gallagher,TOT,M,3500.0
*07898*,213,Gonzalo Garcia,FUL,F,3000.0
*04spw*,215,James Garner,EVE,M,10900.0
*05n3u*,217,Joe Gelhardt,LEE,F,2500.0
*06l4i*,218,Tyrique George,EVE,F,2500.0
*076kf*,615,Geovany Quenda,CHE,M,2500.0
*073vo*,219,Finn Geragusyan,SUN,F,2500.0
*04qr9*,220,Morgan Gibbs-White,NOT,M,9900.0
*04sjv*,221,Ryan Giles,HUL,D,3200.0
*05n09*,222,Mark Gillespie,NEW,G,2500.0
*06y9n*,223,Jamie Gittens,CHE,F,2600.0
*064a0*,224,Wilfried Gnonto,LEE,F,2500.0
*03r93*,227,Joseph Gomez,LIV,D,2600.0
*06rm7*,228,Nico Gonzalez,MCI,M,3600.0
*066rn*,229,Daniel Gore,MUN,M,2500.0
*072iu*,230,Braiden Graham,EVE,F,2500.0
*06fxe*,231,Ryan Gravenberch,LIV,M,9800.0
*05y7c*,232,Archie Gray,TOT,M,2600.0
*02lm7*,233,Jack Grealish,MCI,M,6300.0
*06msc*,234,Jacob Greaves,IPS,D,4200.0
*078gd*,235,Andre Grey,BRF,M,2500.0
*03mfe*,236,Matt Grimes,COV,M,4800.0
*04fk1*,237,Pascal Gross,BHA,M,8000.0
*06v01*,238,Ilia Gruev,LEE,M,2600.0
*06yb7*,239,Gabriel Gudmundsson,LEE,D,6500.0
*050jq*,240,Marc Guehi,MCI,D,11400.0
*06zwj*,241,Evann Guessand,CRY,F,3500.0
*06mnm*,243,Marc Guiu,CHE,F,2500.0
*06phr*,462,Gustavo Nunes,BRF,F,2500.0
*06clz*,244,Malo Gusto,CHE,D,5100.0
*06ex4*,245,Josko Gvardiol,MCI,D,8300.0
*062du*,246,Darko Gyabi,HUL,M,2500.0
*04tsb*,247,Viktor Gyokeres,ARS,F,4700.0
*061vq*,249,Erling Haaland,MCI,F,11200.0
*0784p*,250,Hayden Hackney,EVE,M,4800.0
*05y9n*,251,Lewis Hall,NEW,D,10700.0
*06fg0*,254,Gustavo Hamer,COV,M,2500.0
*06qvv*,255,Malachi Hardy,TOT,D,2500.0
*06h1g*,256,Aidan Harris,NEW,G,2500.0
*05ubt*,124,Harry Clarke,IPS,D,2500.0
*06zqq*,257,Jorrel Hato,CHE,D,4400.0
*05o6h*,258,Kai Havertz,ARS,F,3900.0
*05rey*,259,Kaine Hayden,COV,D,2500.0
*078gh*,260,Fred Heath,MUN,G,2500.0
*03dwz*,261,Tom Heaton,MUN,G,2500.0
*06kqy*,262,Ayden Heaven,MUN,D,2600.0
*06zvn*,263,George Hemmings,AVL,M,2500.0
*02lk5*,265,Jordan Henderson,CHE,M,2600.0
*0785x*,266,Matty Henderson-Hall,MCI,D,2500.0
*05tqz*,267,Rico Henry,BRF,D,2900.0
*078ml*,269,Lucas Herrington,HUL,D,2500.0
*062og*,271,Aaron Hickey,BRF,D,2500.0
*061vb*,272,James Hill,BOU,D,8500.0
*070hq*,273,Piero Hincapie,ARS,D,5600.0
*067ys*,274,Jack Hinshelwood,BHA,M,5200.0
*05m47*,275,George Hirst,IPS,F,2500.0
*078fz*,276,Jens Hjerto-Dahl,HUL,M,2500.0
*078lh*,277,Solomon Honor,MUN,G,2500.0
*0788g*,278,Lukas Hornicek,NEW,G,4700.0
*04mi4*,279,Callum Hudson-Odoi,NOT,F,5000.0
*076dh*,280,Charlie Hughes,HUL,D,4200.0
*04f6o*,281,Will Hughes,CRY,M,3600.0
*06v0g*,282,Trai Hume,SUN,D,7200.0
*06mg4*,283,Cameron Humphreys,IPS,M,2500.0
*05ubv*,284,Omari Hutchinson,NOT,F,7300.0
*072x7*,285,Ife Ibrahim,ARS,M,2500.0
*06y9o*,374,Igor Jesus,NOT,F,3200.0
*06eka*,702,Igor Julio,BHA,D,2600.0
*06mn0*,447,Igor Thiago,BRF,F,8900.0
*05r94*,449,Iliman Ndiaye,EVE,"M,F",10300.0
*06mnb*,286,Samuel Iling-Junior,AVL,F,2500.0
*05t6z*,287,Tim Iroegbunam,EVE,M,3200.0
*0646f*,288,Alexander Isak,LIV,F,4900.0
*06v0t*,289,Wilson Isidor,SUN,F,2600.0
*05748*,558,Ismaila Sarr,CRY,"M,F",8100.0
*038ze*,291,Alex Iwobi,FUL,"M,F",7900.0
*05244*,125,Jack Clarke,IPS,"M,F",2500.0
*06mul*,198,Jack Fletcher,MUN,M,2500.0
*06cm1*,292,Nicolas Jackson,CHE,F,2500.0
*03am7*,444,Jacob Murphy,NEW,M,6000.0
*076di*,293,Matty Jacob,HUL,D,2500.0
*0784z*,294,Jeremy Jacquet,LIV,D,2500.0
*06nbw*,270,Jaden Heskey,MCI,F,2500.0
*05rff*,501,Jaden Philogene,IPS,"M,F",3600.0
*06ygm*,494,Jair Cunha,NOT,D,2500.0
*03yr0*,295,Daniel James,LEE,M,2500.0
*051k7*,296,Reece James,CHE,D,7300.0
*05tre*,297,Vitaly Janelt,BRF,M,4600.0
*076ki*,298,Ewen Jaouen,NEW,G,2500.0
*052ce*,299,Vitezslav Jaros,LIV,G,2500.0
*070ep*,307,Jaydon Jones,SUN,M,2500.0
*05s00*,300,Daniel Jebbison,BOU,F,2500.0
*06nva*,301,Mofe Jemide,CRY,D,2500.0
*05tr9*,302,Mathias Jensen,BRF,M,6900.0
*070eo*,308,Jenson Jones,SUN,"D,M",2500.0
*068yd*,226,Joao Gomes,AVL,M,9000.0
*05g2o*,310,Joao Pedro,CHE,F,10700.0
*072o9*,72,Jocelin Ta Bi,SUN,"M,F",2700.0
*0554i*,36,Joelinton,NEW,M,8200.0
*070gt*,373,John Victor,NOT,G,2600.0
*04mcg*,303,Ben Johnson,IPS,D,2500.0
*061ya*,304,Brennan Johnson,EVE,F,5300.0
*078gi*,305,Henry Johnson,NEW,D,2500.0
*04o82*,306,Curtis Jones,LIV,M,4400.0
*0786b*,309,Theo Julienne,ARS,M,2500.0
*06dmj*,625,Jurrien Timber,ARS,D,10000.0
*0521z*,311,James Justin,LEE,D,8200.0
*06pms*,312,Ismeal Kabia,ARS,F,2500.0
*062cl*,313,Issa Kabore,MCI,D,2500.0
*06phe*,314,Ferdi Kadioglu,BHA,D,8100.0
*0703h*,315,Arnaud Kalimuendo,NOT,F,2500.0
*06mnc*,316,Daichi Kamada,CRY,M,6000.0
*061va*,317,Boubacar Kamara,AVL,M,8100.0
*06s7v*,318,Jaydan Kamason,MUN,D,2500.0
*07855*,319,Enzo Kana Biyik,MUN,F,2500.0
*072b6*,320,Ryan Kavuma-McQueen,CHE,F,2500.0
*06rgg*,321,Michael Kayode,BRF,D,9500.0
*0327r*,322,Michael Keane,EVE,D,6400.0
*045ob*,323,Caoimhin Kelleher,BRF,G,10700.0
*06dpv*,324,Omari Kellyman,CHE,M,2500.0
*04u40*,41,Kepa,ARS,G,2500.0
*06do9*,325,Milos Kerkez,LIV,D,8800.0
*070hj*,556,Kevin,FUL,F,6700.0
*06r9w*,326,Abdukodir Khusanov,MCI,D,5000.0
*06dpw*,327,Kim Ji-Soo,BRF,D,2500.0
*0785i*,328,Ben Kindon,SUN,D,2500.0
*06ygl*,329,George King,CRY,D,2500.0
*06jh3*,330,Joshua King,FUL,M,2600.0
*06cmt*,331,Tom King,EVE,G,2600.0
*06r6s*,332,Antonin Kinsky,TOT,G,5200.0
*05o6g*,333,Cedric Kipre,IPS,D,2500.0
*076cz*,334,Liam Kitching,COV,D,5100.0
*06clt*,335,Justin Kluivert,BOU,"M,F",5300.0
*06ils*,336,Yunus Konak,BRF,M,2500.0
*052ca*,337,Ezri Konsa,AVL,D,8500.0
*06xzd*,338,Charalampos Kostoulas,BHA,F,3700.0
*06do4*,339,Louie Koumas,LIV,F,2500.0
*04u41*,340,Mateo Kovacic,MCI,M,3100.0
*06xza*,341,Eli Kroupi,BOU,F,2600.0
*06fv8*,342,Mohammed Kudus,TOT,M,9300.0
*05ylx*,343,Dejan Kulusevski,TOT,M,2600.0
*070hr*,344,Jonah Kusi-Asare,FUL,F,2500.0
*06mgn*,345,Rio Kyerematen,TOT,M,2500.0
*06v0c*,346,Shea Lacey,MUN,F,2500.0
*06pia*,347,Maxence Lacroix,CHE,D,9200.0
*070hl*,348,Senne Lammens,MUN,G,8600.0
*0788c*,349,Freddie Lane,LEE,M,2500.0
*04h87*,350,Joel Latibeaudiere,COV,D,2500.0
*05unu*,351,Romeo Lavia,CHE,M,2500.0
*06v0p*,352,Enzo Le Fee,SUN,M,8000.0
*06zbw*,353,Benjamin Lecomte,FUL,G,2700.0
*04qor*,354,Bernd Leno,FUL,G,9400.0
*06yb8*,360,Diego Leon,MUN,D,2500.0
*0701y*,355,Giovanni Leoni,LIV,D,2500.0
*04tzt*,356,Jefferson Lerma,CRY,M,4800.0
*062x7*,357,Rico Lewis,MCI,D,2600.0
*062p3*,358,Keane Lewis-Potter,BRF,"M,F",7000.0
*066sd*,359,Myles Lewis-Skelly,ARS,"D,M",2600.0
*075sh*,361,Jayden Lienou,LEE,D,2500.0
*0785k*,362,Archie Lightfoot,SUN,M,2500.0
*04fk8*,363,Victor Lindelof,AVL,D,2600.0
*062pl*,387,Lisandro Martinez,MUN,D,5900.0
*05s08*,364,Valentino Livramento,NEW,D,12000.0
*0784q*,365,Thimothee Lo-Tutala,HUL,G,2500.0
*04ug0*,367,Sean Longstaff,LEE,M,3700.0
*04ym7*,497,Lucas Perri,LEE,G,3700.0
*06xzp*,583,Luis Semedo,SUN,F,2500.0
*068yt*,369,Sasa Lukic,IPS,M,6300.0
*078fy*,370,Luka Lynch,AVL,F,2500.0
*052cb*,371,Ian Maatsen,AVL,D,7800.0
*0522h*,372,Alexis Mac Allister,LIV,M,8500.0
*0414o*,375,James Maddison,TOT,M,2600.0
*072mq*,376,Brian Madjo,AVL,F,2500.0
*068n8*,377,Noni Madueke,ARS,"M,F",4000.0
*0784x*,378,Daizen Maeda,IPS,F,3800.0
*03gu4*,379,Harry Maguire,MUN,D,4800.0
*06yxc*,380,Rory Mahady,LEE,G,2500.0
*0666p*,381,Kobbie Mainoo,MUN,M,6000.0
*06uzu*,559,Mamadou Sarr,CHE,D,2500.0
*06xzg*,382,Giorgi Mamardashvili,LIV,G,3000.0
*07848*,383,Johan Manzambi,AVL,M,4400.0
*076d9*,388,Ephron Mason-Clark,COV,"M,F",2500.0
*076dl*,389,Eliot Matazo,HUL,M,2500.0
*066j4*,195,Mateo Joseph,LEE,F,2500.0
*05r8o*,390,Jean-Philippe Mateta,CRY,F,7700.0
*06pe1*,189,Mateus Fernandes,TOT,M,9700.0
*067yz*,555,Matheus Cunha,MUN,F,11000.0
*06exa*,205,Matheus Franca,CRY,F,2500.0
*063zi*,463,Matheus Nunes,MCI,"D,M",10100.0
*05ubh*,391,Remi Matthews,CRY,G,2500.0
*076du*,392,Azor Matusiwa,IPS,M,2500.0
*078gf*,393,Theo Mawene,BRF,F,2500.0
*06p4j*,394,Noussair Mazraoui,MUN,D,3800.0
*05trb*,395,Bryan Mbeumo,MUN,F,9500.0
*0722t*,396,Ryan McAidoo,MCI,F,2500.0
*05uhs*,404,James Mcatee,NOT,M,3100.0
*05y55*,397,Kasey McAteer,IPS,M,2500.0
*0477b*,398,Oliver McBurnie,HUL,F,4500.0
*06do3*,399,James McConnell,LIV,M,2500.0
*05rbn*,400,Thomas McGill,BHA,G,2500.0
*051k0*,401,John McGinn,AVL,M,8100.0
*04p0d*,403,Dwight McNeil,CRY,"M,F",4100.0
*06ews*,405,Dermot Mee,MUN,G,2500.0
*06mgk*,406,Jayden Meghoma,BRF,D,2500.0
*076dw*,407,Anis Mehmeti,IPS,M,2500.0
*0785q*,408,Mason Melia,TOT,F,2500.0
*078mm*,409,Nobel Mendy,HUL,D,2500.0
*04hk9*,410,Mikel Merino,ARS,M,4700.0
*05mzt*,411,Illan Meslier,ARS,G,2500.0
*0785j*,412,Thomas Meunier,SUN,D,2500.0
*06nbu*,413,Stephen Mfuni,MCI,D,2500.0
*078gg*,414,Jesse Middleton,BHA,M,2500.0
*06y4g*,415,Antoni Milambo,BRF,M,2500.0
*06mw0*,416,Nikola Milenkovic,NOT,D,9000.0
*06ab3*,417,Lewis Miley,NEW,M,6500.0
*0785c*,418,Mason Miley,NEW,M,2500.0
*052h1*,419,Liam Millar,HUL,"M,F",4200.0
*0788b*,420,Callum Mills,LEE,M,2500.0
*070h9*,421,Veljko Milosavljevic,BOU,D,3000.0
*03rec*,422,Tyrone Mings,AVL,D,4100.0
*0784o*,423,Oscar Mingueza,CRY,D,4400.0
*06c6g*,424,Yankuba Minteh,BHA,"M,F",6500.0
*05akv*,425,Tyrick Mitchell,CRY,D,10600.0
*062ci*,426,Kaoru Mitoma,BHA,M,7100.0
*05rb8*,102,Moises Caicedo,CHE,M,8700.0
*06rmv*,427,Jeremy Monga,MCI,"M,F",2500.0
*06lox*,428,Mikey Moore,TOT,F,2500.0
*033l8*,429,Simon Moore,SUN,G,2500.0
*06pig*,532,Morato,NOT,D,2600.0
*0784r*,431,Hidemasa Morita,HUL,M,2500.0
*06rkq*,433,Kieran Morrison,LIV,M,2500.0
*06zbm*,434,Cristhian Mosquera,ARS,D,2600.0
*052cd*,435,Mason Mount,MUN,M,2600.0
*068a1*,436,Mykhailo Mudryk,CHE,M,2600.0
*0784y*,437,Tarik Muharemovic,LEE,D,5300.0
*06zxx*,438,Divine Mukasa,MCI,M,2500.0
*0703c*,439,Nordi Mukiele,SUN,D,11000.0
*06on6*,440,Anthony Munda,NEW,M,2500.0
*05udw*,441,Romaine Mundle,SUN,"M,F",2600.0
*06jgi*,443,Daniel Munoz,CRY,D,10400.0
*076qg*,445,Victor Munoz,LIV,F,2500.0
*06fwz*,554,Murillo,NOT,D,9100.0
*05ybq*,446,Vitalii Mykolenko,EVE,D,9400.0
*078g0*,515,Natalia Ramos,LIV,D,2500.0
*06zna*,451,Dan Ndoye,NOT,F,5600.0
*07850*,452,Ifeanyi Ndukwe,LIV,D,2500.0
*06rnn*,453,Sean Neave,NEW,F,2500.0
*06kyv*,454,Kosta Nedeljkovic,AVL,D,2500.0
*04ge8*,455,Reiss Nelson,ARS,F,2600.0
*072zr*,456,Luca Netz,NOT,D,2500.0
*06r2g*,457,Rio Ngumoha,LIV,F,2600.0
*0784f*,458,Mahdi Nicoll-Jazuli,CHE,M,2500.0
*04ge9*,459,Eddie Nketiah,CRY,F,2700.0
*04lnu*,460,Lukas Nmecha,LEE,F,2600.0
*05tr8*,461,Christian Norgaard,EVE,M,2600.0
*076dv*,466,Marcelino Nunez,IPS,M,2500.0
*065ao*,464,Ethan Nwaneri,ARS,M,2600.0
*06hze*,465,Treymaurice Nyoni,LIV,M,2500.0
*062oh*,467,Jake O'Brien,EVE,D,7700.0
*05r9b*,473,Martin Odegaard,ARS,M,7600.0
*06fhy*,474,Wilson Odobert,TOT,F,2600.0
*06cm4*,475,Chiedozie Ogbene,IPS,F,2500.0
*07869*,476,Josh Ogunnaike,ARS,D,2500.0
*06v0w*,477,Trey Ogunsuyi,SUN,F,2500.0
*070cj*,478,Noah Okafor,LEE,F,7100.0
*06hzf*,468,Mark O'Mahony,BHA,F,2500.0
*06rf9*,384,Omar Marmoush,MCI,F,2700.0
*0788a*,479,Darryl Ombang,LEE,G,2500.0
*0784s*,709,Abdulkadir Omur,HUL,M,2500.0
*063hu*,480,Amadou Onana,AVL,M,5200.0
*073ac*,486,Ceadach O'Neill,ARS,F,2500.0
*06v0m*,469,Luke O'Nien,SUN,"D,M",2500.0
*05ue7*,481,Frank Onyeka,COV,M,4900.0
*067x8*,470,Nico O'Reilly,MCI,"D,M",7600.0
*04qfq*,471,Matt O'Riley,BHA,M,2600.0
*04gpx*,472,Dara O'Shea,IPS,D,4900.0
*06mn1*,482,Ibrahim Osman,BHA,F,2500.0
*05t6x*,483,William Osula,NEW,F,4500.0
*068lx*,484,Dango Ouattara,BRF,"M,F",9400.0
*062ow*,485,David Ozoh,CRY,M,2500.0
*03jlw*,402,Paddy McNair,HUL,D,2500.0
*07897*,487,Cesar Palacios,FUL,M,3800.0
*0784b*,488,Marco Palestra,CHE,D,2500.0
*03p9y*,489,Alex Palmer,IPS,G,2700.0
*05l8q*,490,Cole Palmer,CHE,M,8700.0
*06zc0*,491,Park Seung-Soo,NEW,F,2500.0
*07868*,492,Xavier Parker,MCI,M,2500.0
*05yct*,493,Nathan Patterson,EVE,D,2600.0
*056iy*,366,Pedro Neto,CHE,F,8400.0
*06uzt*,495,Mike Penders,CHE,G,2500.0
*06fuw*,498,Djordje Petrovic,BOU,G,10600.0
*06exk*,499,Ashley Phillips,TOT,D,2500.0
*076de*,500,Dillon Phillips,HUL,G,2500.0
*078lf*,502,George Pickford,EVE,G,2500.0
*032f9*,503,Jordan Pickford,EVE,G,10200.0
*0788e*,504,Ollie Pickles,LEE,M,2500.0
*078ge*,505,Luca Picotto,BRF,M,2500.0
*05tr1*,506,Ethan Pinnock,BRF,D,2700.0
*070f9*,507,Yeremy Pino,CRY,M,7300.0
*06v02*,508,Joel Piroe,LEE,F,2600.0
*07858*,509,Miodrag Pivas,NEW,D,2500.0
*044ei*,510,Nick Pope,NEW,G,7200.0
*05n07*,511,Pedro Porro,TOT,D,10500.0
*0785l*,512,Tom Proctor,SUN,M,2500.0
*05rjn*,513,Jesurun Rak-Sakyi,CRY,"M,F",2500.0
*05afj*,514,Largie Ramazani,LEE,F,2600.0
*061z5*,516,Calvin Ramsay,LIV,D,2500.0
*051k3*,518,Jacob Ramsey,NEW,M,4800.0
*03ybi*,519,Marcus Rashford,MUN,F,2500.0
*05tqx*,520,David Raya,ARS,G,8900.0
*072wq*,586,Rayan,BOU,F,7100.0
*037mt*,521,Harrison Reed,FUL,M,2500.0
*06r3w*,522,Remy Rees-Dottin,BOU,F,2500.0
*06v06*,523,Tijjani Reijnders,MCI,M,2600.0
*06yb9*,290,Reinildo,SUN,D,5500.0
*06mnn*,524,Chadi Riad,CRY,D,2600.0
*04agz*,525,Declan Rice,ARS,M,12200.0
*0635j*,526,Chris Richards,CRY,D,9700.0
*062op*,527,Omar Richards,NOT,D,2500.0
*04io4*,695,Richarlison,TOT,F,4800.0
*06v0l*,528,Chris Rigg,SUN,M,2600.0
*03gu5*,529,Andrew Robertson,TOT,D,3200.0
*03yqz*,531,Joe Rodon,LEE,D,6800.0
*0524k*,268,Rodri,MCI,M,5900.0
*061vn*,442,Rodrigo Muniz,FUL,F,3100.0
*07849*,533,Alvaro Rodriguez,BOU,F,2500.0
*06znb*,534,Robin Roefs,SUN,G,10200.0
*05uht*,535,Morgan Rogers,CHE,"M,F",9800.0
*070hi*,542,Merlin Rohl,EVE,M,2600.0
*05uoc*,536,Cristian Romero,TOT,D,5800.0
*06prt*,537,Triston Rowe,AVL,D,2500.0
*05omu*,216,Ruben Dias,MCI,D,7200.0
*076d3*,538,Jack Rudoni,COV,M,4900.0
*04ai5*,539,Geronimo Rulli,MCI,G,2500.0
*062ct*,540,Carl Rushworth,COV,G,4000.0
*0689w*,541,Georginio Rutter,BHA,F,7000.0
*06y59*,543,Noah Sadiki,SUN,M,5600.0
*04y92*,544,Bukayo Saka,ARS,"M,F",12600.0
*076d4*,545,Tatsuhiro Sakamoto,COV,M,4100.0
*0785e*,546,Vakhtang Salia,NEW,F,2500.0
*0558w*,547,William Saliba,ARS,D,9600.0
*06zbn*,548,Marli Salmon,ARS,D,2500.0
*078ei*,606,Juanlu Sanchez,BOU,M,3900.0
*04yme*,550,Robert Sanchez,CHE,G,9200.0
*06fxu*,551,Ibrahim Sangare,NOT,M,6400.0
*0785y*,552,Mahamadou Sangare,MCI,F,2500.0
*07877*,553,Mamadou Sangare,BRF,M,2500.0
*06nv6*,557,Trevan Sanusi,NEW,F,2500.0
*05w7t*,560,Pape Sarr,TOT,M,4200.0
*0784g*,561,Dastan Satpaev,CHE,F,2500.0
*06mvz*,430,Savio,MCI,"M,F",2900.0
*070g8*,562,Nicolo Savona,NOT,D,3100.0
*06do2*,563,Callum Scanlon,LIV,D,2500.0
*05nip*,564,Dane Scarlett,TOT,F,2500.0
*067zv*,565,Kevin Schade,BRF,"M,F",8600.0
*04tig*,566,Fabian Schar,NEW,D,6400.0
*05uds*,567,Kjell Scherpen,IPS,G,2900.0
*076kc*,569,Jannik Schuster,BRF,D,2500.0
*06f8y*,570,Alex Scott,BOU,M,9100.0
*0785h*,571,Felix Scott,SUN,D,2500.0
*06v0f*,572,Jenson Seelt,SUN,D,2900.0
*04f6h*,573,Matz Sels,NOT,G,8900.0
*068y0*,574,Antoine Semenyo,MCI,"M,F",11200.0
*063e7*,575,Marcos Senesi,TOT,D,10800.0
*06zxy*,576,Benjamin Sesko,MUN,F,4200.0
*04qfm*,577,Ryan Sessegnon,FUL,"D,M",4400.0
*06nk0*,578,Tommy Setford,ARS,G,2500.0
*06on5*,579,Leo Shahar,NEW,D,2500.0
*05xtr*,580,Teddy Sharman-Lowe,CHE,G,2500.0
*02oq6*,581,Luke Shaw,MUN,D,6800.0
*073b0*,582,Ollie Shield,BRF,D,2500.0
*05m9r*,584,Ellis Simms,COV,F,2500.0
*070fa*,585,Xavi Simons,TOT,M,5200.0
*05o2p*,587,Regan Slater,HUL,M,4200.0
*063c2*,588,Gabriel Slonina,CHE,G,2600.0
*04sat*,589,Emile Smith Rowe,FUL,M,5200.0
*02lp5*,590,Adam Smith,BOU,D,2600.0
*03fgo*,591,Dominic Solanke,TOT,F,7800.0
*06r7f*,592,Julio Soler,BOU,D,2500.0
*07852*,593,Joshua Sonni-Lambie,LIV,F,2500.0
*06yey*,594,Borna Sosa,CRY,D,2500.0
*072py*,700,Souza,TOT,D,2500.0
*062ts*,595,Djed Spence,TOT,D,6800.0
*06zbx*,596,Anton Stach,LEE,M,9500.0
*04rha*,597,Jason Steele,BHA,G,2600.0
*06zqi*,598,Joshua Stephenson,BRF,D,2500.0
*0785a*,599,Sean Steur,NEW,M,2500.0
*06mow*,600,Jorgen Strand Larsen,CRY,F,4500.0
*078hi*,601,Elliot Stroud,HUL,M,2500.0
*05mzz*,602,Pascal Struijk,BHA,D,7300.0
*0784c*,603,Olutayo Subuloye,CHE,D,2500.0
*0784a*,604,Michael Svoboda,BHA,D,2500.0
*06cmm*,605,Dominik Szoboszlai,LIV,M,10300.0
*06ya6*,607,Kota Takai,TOT,D,2500.0
*06ybq*,608,Chemsdine Talbi,SUN,F,2600.0
*075kd*,450,Talla Ndiaye,LIV,D,2500.0
*06uzy*,609,Ao Tanaka,LEE,M,2500.0
*0372y*,610,Matt Targett,HUL,D,2500.0
*0427d*,611,James Tarkowski,EVE,D,13000.0
*0639x*,612,Marcus Tavernier,BOU,M,9400.0
*06mg2*,613,Jack Taylor,IPS,M,3300.0
*06y27*,614,Loum Tchaouna,COV,"M,F",4200.0
*06rm8*,616,Mathys Tel,TOT,F,6100.0
*05oeh*,617,Kenny Tete,FUL,D,8600.0
*0700p*,618,Malick Thiaw,NEW,D,10200.0
*05l2z*,619,Bobby Thomas,COV,D,5600.0
*076db*,620,Brandon Thomas-Asante,COV,F,2500.0
*0785n*,621,Dylan Thompson,TOT,G,2500.0
*06zc8*,622,Tynan Thompson,MUN,F,2500.0
*06v0b*,623,Jim Thwaites,MUN,M,2500.0
*04yo7*,624,Youri Tielemans,MUN,M,9900.0
*0785o*,626,Tyler Tingey,TOT,D,2500.0
*05w9r*,627,Takehiro Tomiyasu,CRY,D,2500.0
*06cms*,628,Sandro Tonali,TOT,M,7800.0
*076d7*,629,Victor Torp,COV,M,4200.0
*06crm*,630,Pau Torres,AVL,D,7100.0
*072pc*,641,Alex Toth,BOU,M,2500.0
*0785d*,631,Bazoumana Toure,NEW,F,2500.0
*05oz3*,632,James Trafford,LEE,G,6300.0
*04vy4*,633,Mark Travers,EVE,G,2600.0
*07867*,634,Trialist,MCI,G,2500.0
*06uyc*,635,Adrien Truffert,BOU,D,9500.0
*05n3v*,636,Konstantinos Tsimikas,LIV,D,2600.0
*06v0x*,637,Tymur Tutierov,SUN,F,2500.0
*072x9*,252,Tye Hall,TOT,M,2500.0
*06v0a*,199,Tyler Fletcher,MUN,M,2500.0
*06lvm*,253,Tyrese Hall,TOT,M,2500.0
*06xzc*,638,Stefanos Tzimas,BHA,F,3000.0
*078az*,639,Konstantinos Tzolakis,HUL,G,4100.0
*05uox*,640,Christos Tzolis,ARS,F,2500.0
*06pib*,643,Manuel Ugarte,MUN,M,2700.0
*03sbh*,644,Enes Unal,BOU,F,2600.0
*06jfe*,645,Hakon Valdimarsson,BRF,G,2600.0
*06ezb*,707,Micky van de Ven,TOT,D,6600.0
*05220*,708,Sepp van den Berg,BRF,D,9000.0
*03vlj*,703,Virgil van Dijk,LIV,D,11700.0
*076d0*,704,Milan van Ewijk,COV,D,4700.0
*05oh0*,705,Jan-Paul van Hecke,TOT,D,10300.0
*0784v*,706,Kayne van Oevelen,IPS,G,2500.0
*06cmu*,646,Bart Verbruggen,BHA,G,9700.0
*06cmb*,647,Guglielmo Vicario,TOT,G,5300.0
*06r9x*,699,Vitor Reis,MCI,D,2500.0
*06v0y*,649,Luka Vuskovic,BHA,D,3000.0
*0784m*,650,Charlie Walker-Smith,CRY,D,2500.0
*06rrq*,651,Reggie Walsh,CHE,M,2500.0
*04fjz*,652,Christian Walton,IPS,G,2500.0
*05ocl*,653,Ollie Watkins,AVL,F,8100.0
*0784e*,654,Reggie Watson,CHE,M,2500.0
*02lnx*,655,Danny Welbeck,CHE,F,4200.0
*05opl*,202,Wesley Fofana,CHE,D,6100.0
*06jgs*,656,Adam Wharton,CRY,M,8400.0
*06l4c*,657,Ethan Wheatley,MUN,F,2500.0
*04e1e*,658,Ben White,ARS,D,4300.0
*070eq*,659,Jack Whittaker,SUN,M,2500.0
*062pa*,660,Joseph Whitworth,CRY,G,2500.0
*06mpp*,661,Mats Wieffer,BHA,"D,M",8700.0
*06muh*,662,Ethan Williams,MUN,"M,F",2500.0
*05a6e*,663,Neco Williams,NOT,D,10500.0
*06qq9*,664,Luca Williams-Barnett,TOT,M,2500.0
*04ge6*,665,Joe Willock,NEW,M,2700.0
*076cx*,666,Ben Wilson,COV,G,2500.0
*03r8x*,667,Callum Wilson,BRF,F,2800.0
*03rxs*,668,Harry Wilson,LEE,"M,F",9100.0
*05wwd*,669,Joshua Wilson-Esbrand,MCI,D,2500.0
*0785w*,670,Jack Wint,MCI,G,2500.0
*06qwh*,671,Ben Winterburn,BOU,M,2500.0
*06v21*,672,Florian Wirtz,LIV,M,7500.0
*05uor*,673,Yoane Wissa,NEW,F,2600.0
*070g7*,674,Nick Woltemade,NEW,F,7300.0
*02m5b*,675,Chris Wood,NOT,F,5000.0
*03m5i*,676,Freddie Woodman,LIV,G,2600.0
*06mfy*,677,Luke Woolfenden,COV,D,2500.0
*076da*,678,Haji Wright,COV,F,3600.0
*06avm*,679,James Wright,AVL,G,2500.0
*06zrt*,680,Will Wright,LIV,F,2500.0
*0785g*,568,Xaver Schlager,NOT,M,2500.0
*0435m*,681,Granit Xhaka,SUN,M,8300.0
*06msb*,682,Malick Yalcouye,BHA,M,2500.0
*066r9*,683,Ehor Yarmolyuk,BRF,M,6300.0
*061y6*,684,Ryan Yates,NOT,M,2600.0
*078g4*,685,Caleb Yirenkyi,COV,M,2500.0
*076ke*,686,Zadok Yohanna,BHA,F,2500.0
*06mx0*,687,Leny Yoro,MUN,D,5100.0
*0784t*,688,Oscar Zambrano,HUL,M,2500.0
*078g5*,689,Macauley Zepa,FUL,F,2500.0
*06mve*,690,Joshua Zirkzee,MUN,F,2600.0
*06y9z*,691,Martin Zubimendi,ARS,M,5200.0
